algorithm,condition,evaluations,event_id,seconds,seed_index
MOABC,normal,4000,P01,31.847732100170106,0
MOABC,normal,4000,P01,36.05819829972461,1
MOABC,normal,4000,P01,31.597631100099534,2
MOABC,normal,4000,P01,35.6514075002633,3
MOABC,normal,4000,P01,33.96205290034413,4
MOABC,normal,4000,P01,32.50547549966723,5
MOABC,normal,4000,P01,31.662860000040382,6
MOABC,normal,4000,P01,33.09769879980013,7
MOABC,normal,4000,P01,31.980490600224584,8
MOABC,normal,4000,P01,28.80151619995013,9
MOEA/D,normal,4000,P01,24.52825880004093,0
MOEA/D,normal,4000,P01,24.47191199986264,1
MOEA/D,normal,4000,P01,24.760888599790633,2
MOEA/D,normal,4000,P01,24.565193699672818,3
MOEA/D,normal,4000,P01,24.333657099865377,4
MOEA/D,normal,4000,P01,24.50319969980046,5
MOEA/D,normal,4000,P01,24.4481485998258,6
MOEA/D,normal,4000,P01,24.600132500287145,7
MOEA/D,normal,4000,P01,24.762943599838763,8
MOEA/D,normal,4000,P01,24.716355700045824,9
MOPSO,normal,4000,P01,24.866644999943674,0
MOPSO,normal,4000,P01,24.809164099860936,1
MOPSO,normal,4000,P01,24.67275630030781,2
MOPSO,normal,4000,P01,24.47844299999997,3
MOPSO,normal,4000,P01,24.492812300100923,4
MOPSO,normal,4000,P01,24.72330139996484,5
MOPSO,normal,4000,P01,24.601675800047815,6
MOPSO,normal,4000,P01,24.638460699934512,7
MOPSO,normal,4000,P01,24.798406399786472,8
MOPSO,normal,4000,P01,26.515033999923617,9
NSGA-III,normal,4000,P01,36.056530999951065,0
NSGA-III,normal,4000,P01,34.304189700167626,1
NSGA-III,normal,4000,P01,35.21365679986775,2
NSGA-III,normal,4000,P01,35.02913110004738,3
NSGA-III,normal,4000,P01,34.469290300272405,4
NSGA-III,normal,4000,P01,34.70541809964925,5
NSGA-III,normal,4000,P01,34.64765760023147,6
NSGA-III,normal,4000,P01,34.76428439980373,7
NSGA-III,normal,4000,P01,35.110513700172305,8
NSGA-III,normal,4000,P01,33.01938930014148,9
NSGA-II,normal,4000,P01,36.339532000012696,0
NSGA-II,normal,4000,P01,33.708056500181556,1
NSGA-II,normal,4000,P01,34.1727543999441,2
NSGA-II,normal,4000,P01,35.14340509986505,3
NSGA-II,normal,4000,P01,35.35221470007673,4
NSGA-II,normal,4000,P01,34.41127589996904,5
NSGA-II,normal,4000,P01,34.203941400162876,6
NSGA-II,normal,4000,P01,36.6279064998962,7
MOABC,normal,4000,P02,46.43757369974628,0
MOABC,normal,4000,P02,47.12272820016369,1
MOABC,normal,4000,P02,49.14440490026027,2
MOABC,normal,4000,P02,57.43051899969578,3
MOABC,normal,4000,P02,59.117296000011265,4
MOABC,normal,4000,P02,60.3007135996595,5
MOABC,normal,4000,P02,60.680304599925876,6
MOABC,normal,4000,P02,53.69364030007273,7
MOABC,normal,4000,P02,45.66857760027051,8
MOABC,normal,4000,P02,44.2713354001753,9
MOEA/D,normal,4000,P02,31.975359400268644,0
MOEA/D,normal,4000,P02,32.20368400029838,1
MOEA/D,normal,4000,P02,32.05676500033587,2
MOEA/D,normal,4000,P02,33.15981790004298,3
MOEA/D,normal,4000,P02,32.678250200115144,4
MOABC,normal,4000,P03,32.38158390019089,0
MOABC,normal,4000,P03,31.364562099799514,1
MOABC,normal,4000,P03,30.649641000200063,2
MOABC,normal,4000,P03,31.311089099850506,3
MOABC,normal,4000,P03,31.760005199816078,4
MOABC,normal,4000,P03,30.36463089985773,5
MOABC,normal,4000,P03,31.932905400171876,6
MOABC,normal,4000,P03,30.841473899781704,7
MOABC,normal,4000,P03,32.15638179983944,8
MOABC,normal,4000,P03,32.44426580006257,9
MOEA/D,normal,4000,P03,27.80594089999795,0
MOEA/D,normal,4000,P03,27.922306700143963,1
MOEA/D,normal,4000,P03,26.613098499830812,2
MOEA/D,normal,4000,P03,26.7019647997804,3
MOEA/D,normal,4000,P03,27.25302999978885,4
MOEA/D,normal,4000,P03,28.396550400182605,5
MOEA/D,normal,4000,P03,28.268621399998665,6
MOEA/D,normal,4000,P03,28.807174200192094,7
MOEA/D,normal,4000,P03,29.2295556999743,8
MOEA/D,normal,4000,P03,28.319921400398016,9
MOPSO,normal,4000,P03,28.654991399962455,0
MOPSO,normal,4000,P03,29.777176199946553,1
MOPSO,normal,4000,P03,28.29532810021192,2
MOPSO,normal,4000,P03,29.202582400292158,3
MOPSO,normal,4000,P03,28.418101700022817,4
MOPSO,normal,4000,P03,28.15432950016111,5
MOPSO,normal,4000,P03,28.7248630002141,6
MOPSO,normal,4000,P03,28.322163799777627,7
MOPSO,normal,4000,P03,28.60630050022155,8
MOPSO,normal,4000,P03,29.214635000098497,9
NSGA-III,normal,4000,P03,35.75153179978952,0
NSGA-III,normal,4000,P03,34.89073710003868,1
NSGA-III,normal,4000,P03,37.49857500009239,2
NSGA-III,normal,4000,P03,36.16241949982941,3
NSGA-III,normal,4000,P03,38.32282939972356,4
NSGA-III,normal,4000,P03,41.84176900004968,5
NSGA-III,normal,4000,P03,41.46758869988844,6
NSGA-III,normal,4000,P03,38.8687001997605,7
NSGA-III,normal,4000,P03,36.65945120016113,8
NSGA-III,normal,4000,P03,36.90663230000064,9
NSGA-II,normal,4000,P03,35.67663250025362,0
NSGA-II,normal,4000,P03,35.86378809995949,1
NSGA-II,normal,4000,P03,36.88059910014272,2
NSGA-II,normal,4000,P03,34.51770780002698,3
NSGA-II,normal,4000,P03,35.521885300055146,4
NSGA-II,normal,4000,P03,35.86551179969683,5
NSGA-II,normal,4000,P03,37.62288670009002,6
NSGA-II,normal,4000,P03,34.28524299990386,7
NSGA-II,normal,4000,P03,34.224576300010085,8
NSGA-II,normal,4000,P03,32.32606379967183,9
SPEA2,normal,4000,P03,66.68745379988104,0
SPEA2,normal,4000,P03,67.07620649971068,1
SPEA2,normal,4000,P03,68.05321979988366,2
SPEA2,normal,4000,P03,66.02047969959676,3
SPEA2,normal,4000,P03,66.68842610018328,4
SPEA2,normal,4000,P03,64.02852809987962,5
SPEA2,normal,4000,P03,72.11459010001272,6
SPEA2,normal,4000,P03,64.10540469968691,7
SPEA2,normal,4000,P03,64.82813079981133,8
SPEA2,normal,4000,P03,64.62680489988998,9
MOABC,normal,4000,P04,33.86897419998422,0
MOABC,normal,4000,P04,32.664078899659216,1
MOABC,normal,4000,P04,32.11199579993263,2
MOABC,normal,4000,P04,32.91498490003869,3
MOABC,normal,4000,P04,30.66775429993868,4
MOABC,normal,4000,P04,30.477174799889326,5
MOABC,normal,4000,P04,31.949128000065684,6
MOABC,normal,4000,P04,32.69003009982407,7
MOABC,normal,4000,P04,34.18651970010251,8
MOABC,normal,4000,P04,35.1951419999823,9
MOEA/D,normal,4000,P04,27.413101899903268,0
MOEA/D,normal,4000,P04,27.335208000149578,1
MOEA/D,normal,4000,P04,27.328235399909317,2
MOEA/D,normal,4000,P04,27.753078900277615,3
MOEA/D,normal,4000,P04,27.266657800413668,4
MOEA/D,normal,4000,P04,27.429685099981725,5
MOEA/D,normal,4000,P04,23.179370699916035,6
MOEA/D,normal,4000,P04,27.862682800274342,7
MOEA/D,normal,4000,P04,26.701844700146466,8
MOEA/D,normal,4000,P04,27.567040000110865,9
MOPSO,normal,4000,P04,27.708746599964797,0
MOPSO,normal,4000,P04,27.10296420007944,1
MOPSO,normal,4000,P04,27.61449410021305,2
MOPSO,normal,4000,P04,27.34650079999119,3
MOPSO,normal,4000,P04,27.622481499798596,4
MOPSO,normal,4000,P04,27.231100600212812,5
MOPSO,normal,4000,P04,26.038389099761844,6
MOPSO,normal,4000,P04,26.2246793997474,7
MOPSO,normal,4000,P04,27.73360660020262,8
MOPSO,normal,4000,P04,27.102751499973238,9
NSGA-III,normal,4000,P04,39.311620300170034,0
NSGA-III,normal,4000,P04,38.5656288000755,1
NSGA-III,normal,4000,P04,35.31770659983158,2
NSGA-III,normal,4000,P04,36.647432200144976,3
NSGA-III,normal,4000,P04,36.547552899923176,4
NSGA-III,normal,4000,P04,38.06416889978573,5
NSGA-III,normal,4000,P04,38.8227095999755,6
NSGA-III,normal,4000,P04,36.91342999972403,7
NSGA-III,normal,4000,P04,38.01570300012827,8
NSGA-III,normal,4000,P04,36.70013239979744,9
NSGA-II,normal,4000,P04,35.163833499886096,0
NSGA-II,normal,4000,P04,39.31846769992262,1
NSGA-II,normal,4000,P04,38.17757790023461,2
NSGA-II,normal,4000,P04,36.57435279991478,3
NSGA-II,normal,4000,P04,35.44645560020581,4
NSGA-II,normal,4000,P04,36.378269399981946,5
NSGA-II,normal,4000,P04,38.983655999880284,6
NSGA-II,normal,4000,P04,34.339124999940395,7
NSGA-II,normal,4000,P04,34.76680100010708,8
NSGA-II,normal,4000,P04,34.94242569990456,9
SPEA2,normal,4000,P04,63.632738899905235,0
SPEA2,normal,4000,P04,66.05586530035362,1
SPEA2,normal,4000,P04,67.91220030002296,2
MOABC,matched,4000,P05,24.350034299772233,0
MOABC,matched,4000,P05,17.99047639966011,1
MOABC,matched,4000,P05,18.119615400210023,2
MOABC,matched,4000,P05,17.815665000118315,3
MOABC,matched,4000,P05,16.78744710003957,4
MOABC,matched,4000,P05,18.719892399851233,5
MOABC,matched,4000,P05,17.713687799870968,6
MOABC,matched,4000,P05,24.649708000011742,7
MOABC,matched,4000,P05,24.939082499593496,8
MOABC,matched,4000,P05,24.862125599756837,9
MOEA/D,matched,4000,P05,14.466210699640214,0
MOEA/D,matched,4000,P05,14.615454699844122,1
MOEA/D,matched,4000,P05,14.75461950013414,2
MOEA/D,matched,4000,P05,14.83096529962495,3
MOEA/D,matched,4000,P05,14.86644780030474,4
MOEA/D,matched,4000,P05,14.63876030035317,5
MOEA/D,matched,4000,P05,14.851757800206542,6
MOEA/D,matched,4000,P05,14.13989849993959,7
MOEA/D,matched,4000,P05,14.234044900164008,8
MOEA/D,matched,4000,P05,14.458486699964851,9
MOPSO,matched,4000,P05,14.778132800012827,0
MOPSO,matched,4000,P05,14.642852399963886,1
MOPSO,matched,4000,P05,14.509304599836469,2
MOPSO,matched,4000,P05,14.73439330002293,3
MOPSO,matched,4000,P05,14.543645499739796,4
MOPSO,matched,4000,P05,14.334843900054693,5
MOPSO,matched,4000,P05,14.395010500214994,6
MOPSO,matched,4000,P05,14.435463099740446,7
MOPSO,matched,4000,P05,14.5035972003825,8
MOPSO,matched,4000,P05,14.225483499933034,9
NSGA-III,matched,4000,P05,26.642348299734294,0
NSGA-III,matched,4000,P05,21.945281699765474,1
NSGA-III,matched,4000,P05,22.20122310006991,2
NSGA-III,matched,4000,P05,21.97064909990877,3
MOABC,normal,4000,P05,18.311872399877757,0
MOABC,normal,4000,P05,18.06429810030386,1
MOABC,normal,4000,P05,18.26080169994384,2
MOABC,normal,4000,P05,18.219594900030643,3
MOABC,normal,4000,P05,18.385139100253582,4
MOABC,normal,4000,P05,18.44037749990821,5
MOABC,normal,4000,P05,17.958397099748254,6
MOABC,normal,4000,P05,18.590238499920815,7
MOABC,normal,4000,P05,18.112308700103313,8
MOABC,normal,4000,P05,18.731311900075525,9
MOEA/D,normal,4000,P05,15.041929900180548,0
MOEA/D,normal,4000,P05,14.844735200051218,1
MOEA/D,normal,4000,P05,14.721775600221008,2
MOEA/D,normal,4000,P05,14.534055300056934,3
MOEA/D,normal,4000,P05,14.616978099569678,4
MOEA/D,normal,4000,P05,14.865296700038016,5
MOEA/D,normal,4000,P05,14.98101649992168,6
MOEA/D,normal,4000,P05,14.74908720003441,7
MOEA/D,normal,4000,P05,14.769460200332105,8
MOEA/D,normal,4000,P05,10.901765800081193,9
MOPSO,normal,4000,P05,7.062354799825698,0
MOPSO,normal,4000,P05,7.108108900021762,1
MOPSO,normal,4000,P05,7.056289100088179,2
MOPSO,normal,4000,P05,7.08227329980582,3
MOPSO,normal,4000,P05,7.059592400211841,4
MOPSO,normal,4000,P05,7.121817099861801,5
MOPSO,normal,4000,P05,7.078619399573654,6
MOPSO,normal,4000,P05,7.095920400228351,7
MOPSO,normal,4000,P05,7.050490099936724,8
MOPSO,normal,4000,P05,14.49308449961245,9
NSGA-III,normal,4000,P05,22.724203600082546,0
NSGA-III,normal,4000,P05,22.14356329990551,1
NSGA-III,normal,4000,P05,23.223710800055414,2
NSGA-III,normal,4000,P05,22.16995169967413,3
NSGA-III,normal,4000,P05,21.710642399732023,4
NSGA-III,normal,4000,P05,22.338359599933028,5
NSGA-III,normal,4000,P05,22.271596199832857,6
NSGA-III,normal,4000,P05,22.112521100323647,7
NSGA-III,normal,4000,P05,22.174570999573916,8
NSGA-III,normal,4000,P05,22.106361200101674,9
NSGA-II,normal,4000,P05,21.310953200329095,0
NSGA-II,normal,4000,P05,20.632290000095963,1
NSGA-II,normal,4000,P05,21.019039999693632,2
NSGA-II,normal,4000,P05,20.21800069976598,3
NSGA-II,normal,4000,P05,19.373457400128245,4
NSGA-II,normal,4000,P05,18.907663700170815,5
NSGA-II,normal,4000,P05,19.866617999970913,6
NSGA-II,normal,4000,P05,19.888569599948823,7
NSGA-II,normal,4000,P05,19.616205899976194,8
NSGA-II,normal,4000,P05,20.548562800046057,9
SPEA2,normal,4000,P05,44.743118999991566,0
SPEA2,normal,4000,P05,46.76390720019117,1
SPEA2,normal,4000,P05,47.655365800019354,2
SPEA2,normal,4000,P05,46.60337380040437,3
SPEA2,normal,4000,P05,46.19361150031909,4
SPEA2,normal,4000,P05,46.49195109959692,5
SPEA2,normal,4000,P05,46.495470200199634,6
SPEA2,normal,4000,P05,46.17301080003381,7
SPEA2,normal,4000,P05,45.315102599561214,8
SPEA2,normal,4000,P05,45.15216669999063,9
MOABC,normal,4000,P06,17.60074060037732,0
MOABC,normal,4000,P06,17.701310199685395,1
MOABC,normal,4000,P06,17.70538119971752,2
MOABC,normal,4000,P06,17.855349000077695,3
MOABC,normal,4000,P06,17.952794699929655,4
MOABC,normal,4000,P06,17.99520089989528,5
MOABC,normal,4000,P06,17.6808493998833,6
MOABC,normal,4000,P06,18.375341299921274,7
MOABC,normal,4000,P06,17.868494000285864,8
MOABC,normal,4000,P06,17.95646490016952,9
MOEA/D,normal,4000,P06,14.844372499734163,0
MOEA/D,normal,4000,P06,14.62538650026545,1
MOEA/D,normal,4000,P06,14.626899700146168,2
MOEA/D,normal,4000,P06,14.83141539990902,3
MOEA/D,normal,4000,P06,14.512211000081152,4
MOEA/D,normal,4000,P06,14.966292699798942,5
MOEA/D,normal,4000,P06,15.214216200169176,6
MOEA/D,normal,4000,P06,15.04977359995246,7
MOEA/D,normal,4000,P06,15.199922599829733,8
MOEA/D,normal,4000,P06,14.87669500010088,9
MOPSO,normal,4000,P06,14.47960799979046,0
MOPSO,normal,4000,P06,14.479495200328529,1
MOPSO,normal,4000,P06,14.772813600022346,2
MOPSO,normal,4000,P06,14.780044800136238,3
MOPSO,normal,4000,P06,14.630817899946123,4
MOPSO,normal,4000,P06,14.577702400274575,5
MOPSO,normal,4000,P06,14.599647399969399,6
MOPSO,normal,4000,P06,14.813335199840367,7
MOPSO,normal,4000,P06,14.668999499641359,8
MOPSO,normal,4000,P06,14.601342600304633,9
NSGA-III,normal,4000,P06,22.78543859999627,0
NSGA-III,normal,4000,P06,22.80185199994594,1
NSGA-III,normal,4000,P06,22.085667399689555,2
NSGA-III,normal,4000,P06,22.56325350003317,3
NSGA-III,normal,4000,P06,23.087176600005478,4
NSGA-III,normal,4000,P06,22.48143790010363,5
NSGA-III,normal,4000,P06,22.31501799961552,6
NSGA-III,normal,4000,P06,23.004594499710947,7
NSGA-III,normal,4000,P06,22.682473400142044,8
NSGA-III,normal,4000,P06,22.8341602999717,9
NSGA-II,normal,4000,P06,20.445204799994826,0
NSGA-II,normal,4000,P06,20.123780800029635,1
NSGA-II,normal,4000,P06,20.241849900223315,2
NSGA-II,normal,4000,P06,19.68003510031849,3
NSGA-II,normal,4000,P06,20.36799110006541,4
NSGA-II,normal,4000,P06,19.9386698002927,5
NSGA-II,normal,4000,P06,19.603801500052214,6
NSGA-II,normal,4000,P06,20.261057700030506,7
NSGA-II,normal,4000,P06,20.046766200102866,8
NSGA-II,normal,4000,P06,19.748500199988484,9
SPEA2,normal,4000,P06,45.87289169989526,0
SPEA2,normal,4000,P06,45.81261149980128,1
SPEA2,normal,4000,P06,45.72353069996461,2
SPEA2,normal,4000,P06,45.61561560025439,3
SPEA2,normal,4000,P06,45.79260420007631,4
SPEA2,normal,4000,P06,46.23687409982085,5
SPEA2,normal,4000,P06,46.734250500332564,6
SPEA2,normal,4000,P06,47.94803769979626,7
SPEA2,normal,4000,P06,46.38373519992456,8
SPEA2,normal,4000,P06,46.55144389998168,9
MOABC,matched,4000,P07,22.738211499992758,0
MOABC,matched,4000,P07,23.1762450998649,1
MOABC,matched,4000,P07,22.15175799978897,2
MOABC,matched,4000,P07,22.543001499958336,3
MOABC,matched,4000,P07,21.669147599954158,4
MOABC,matched,4000,P07,15.29904010007158,5
MOABC,matched,4000,P07,15.68095099972561,6
MOABC,matched,4000,P07,17.113124900031835,7
MOABC,matched,4000,P07,21.75618640007451,8
MOABC,matched,4000,P07,21.631787499878556,9
MOEA/D,matched,4000,P07,12.723398200236261,0
MOEA/D,matched,4000,P07,12.580146099906415,1
MOEA/D,matched,4000,P07,12.54284660005942,2
MOEA/D,matched,4000,P07,12.767734799999744,3
MOEA/D,matched,4000,P07,12.691651999950409,4
MOABC,normal,4000,P07,17.07816920010373,0
MOABC,normal,4000,P07,16.85185329988599,1
MOABC,normal,4000,P07,17.055531800258905,2
MOABC,normal,4000,P07,17.051792999729514,3
MOABC,normal,4000,P07,17.274763900320977,4
MOABC,normal,4000,P07,16.661912300158292,5
MOABC,normal,4000,P07,16.785103200003505,6
MOABC,normal,4000,P07,16.903683399781585,7
MOABC,normal,4000,P07,17.09181459993124,8
MOABC,normal,4000,P07,17.135801100172102,9
MOEA/D,normal,4000,P07,13.416172899771482,0
MOEA/D,normal,4000,P07,13.517677399795502,1
MOEA/D,normal,4000,P07,13.37271079979837,2
MOEA/D,normal,4000,P07,13.467761300038546,3
MOEA/D,normal,4000,P07,13.47643469972536,4
MOEA/D,normal,4000,P07,13.234831399749964,5
MOEA/D,normal,4000,P07,13.203308300115168,6
MOEA/D,normal,4000,P07,13.355149400420487,7
MOEA/D,normal,4000,P07,13.109485199674964,8
MOEA/D,normal,4000,P07,12.598552499897778,9
MOPSO,normal,4000,P07,12.276261600200087,0
MOPSO,normal,4000,P07,12.144740200135857,1
MOPSO,normal,4000,P07,12.235669299960136,2
MOPSO,normal,4000,P07,12.209430900402367,3
MOPSO,normal,4000,P07,12.232887999620289,4
MOPSO,normal,4000,P07,12.703885900322348,5
MOPSO,normal,4000,P07,12.52565099997446,6
MOPSO,normal,4000,P07,12.57934150006622,7
MOPSO,normal,4000,P07,12.281846700236201,8
MOPSO,normal,4000,P07,12.205084499903023,9
NSGA-III,normal,4000,P07,21.03999700024724,0
NSGA-III,normal,4000,P07,22.27439250005409,1
NSGA-III,normal,4000,P07,21.000218000262976,2
NSGA-III,normal,4000,P07,21.12550019985065,3
NSGA-III,normal,4000,P07,21.18534140009433,4
NSGA-III,normal,4000,P07,20.625594399869442,5
NSGA-III,normal,4000,P07,21.352876000106335,6
NSGA-III,normal,4000,P07,21.426926399581134,7
NSGA-III,normal,4000,P07,21.54619440017268,8
NSGA-III,normal,4000,P07,21.023995500057936,9
NSGA-II,normal,4000,P07,18.66551740001887,0
NSGA-II,normal,4000,P07,20.00341900018975,1
NSGA-II,normal,4000,P07,18.692704999819398,2
NSGA-II,normal,4000,P07,18.750427800230682,3
NSGA-II,normal,4000,P07,19.287453799974173,4
NSGA-II,normal,4000,P07,19.22828309983015,5
NSGA-II,normal,4000,P07,19.586081499699503,6
NSGA-II,normal,4000,P07,19.82937219971791,7
NSGA-II,normal,4000,P07,20.287234399933368,8
NSGA-II,normal,4000,P07,19.79008310008794,9
SPEA2,normal,4000,P07,43.739671300165355,0
SPEA2,normal,4000,P07,43.616492100059986,1
SPEA2,normal,4000,P07,44.38952570036054,2
SPEA2,normal,4000,P07,42.59517199965194,3
SPEA2,normal,4000,P07,42.518800400197506,4
SPEA2,normal,4000,P07,43.79529969999567,5
SPEA2,normal,4000,P07,43.89722569985315,6
SPEA2,normal,4000,P07,44.76293409988284,7
SPEA2,normal,4000,P07,43.92052990011871,8
SPEA2,normal,4000,P07,44.69651110004634,9
MOABC,normal,4000,P08,17.942320799920708,0
MOABC,normal,4000,P08,17.358266400173306,1
MOABC,normal,4000,P08,17.970963300205767,2
MOABC,normal,4000,P08,17.745693100150675,3
MOABC,normal,4000,P08,18.318621299695224,4
MOABC,normal,4000,P08,18.26631430024281,5
MOABC,normal,4000,P08,19.213070099707693,6
MOABC,normal,4000,P08,18.762975600082427,7
MOABC,normal,4000,P08,18.23141170013696,8
MOABC,normal,4000,P08,18.436668999958783,9
MOEA/D,normal,4000,P08,15.033785399980843,0
MOEA/D,normal,4000,P08,14.99665129976347,1
MOEA/D,normal,4000,P08,14.799648200161755,2
MOEA/D,normal,4000,P08,14.967346800025553,3
MOEA/D,normal,4000,P08,14.55547389993444,4
MOEA/D,normal,4000,P08,14.499532400164753,5
MOEA/D,normal,4000,P08,14.596427600365132,6
MOEA/D,normal,4000,P08,14.51759220007807,7
MOEA/D,normal,4000,P08,14.585768400225788,8
MOEA/D,normal,4000,P08,14.444472999777645,9
MOPSO,normal,4000,P08,14.424438900314271,0
MOPSO,normal,4000,P08,14.268601600080729,1
MOPSO,normal,4000,P08,14.484275300055742,2
MOPSO,normal,4000,P08,14.513058400247246,3
MOPSO,normal,4000,P08,14.514744199812412,4
MOPSO,normal,4000,P08,8.496738400310278,5
MOPSO,normal,4000,P08,7.002256399951875,6
MOPSO,normal,4000,P08,6.9501483999192715,7
MOPSO,normal,4000,P08,6.891319700051099,8
MOPSO,normal,4000,P08,6.855011699721217,9
NSGA-III,normal,4000,P08,22.04986899998039,0
NSGA-III,normal,4000,P08,22.099870400037616,1
NSGA-III,normal,4000,P08,23.10979830008,2
NSGA-III,normal,4000,P08,22.531836200039834,3
NSGA-III,normal,4000,P08,22.58615869982168,4
NSGA-III,normal,4000,P08,22.08414989989251,5
NSGA-III,normal,4000,P08,22.19935750029981,6
NSGA-III,normal,4000,P08,22.051299400161952,7
NSGA-III,normal,4000,P08,21.810224100016057,8
NSGA-III,normal,4000,P08,22.322878200095147,9
NSGA-II,normal,4000,P08,21.127571400254965,0
NSGA-II,normal,4000,P08,20.74684050027281,1
NSGA-II,normal,4000,P08,20.659624100197107,2
NSGA-II,normal,4000,P08,19.879028900060803,3
NSGA-II,normal,4000,P08,19.861703800037503,4
NSGA-II,normal,4000,P08,19.87606839975342,5
NSGA-II,normal,4000,P08,20.399062699638307,6
NSGA-II,normal,4000,P08,19.609277799725533,7
NSGA-II,normal,4000,P08,19.649876200128347,8
NSGA-II,normal,4000,P08,19.88465190026909,9
SPEA2,normal,4000,P08,46.77812869986519,0
SPEA2,normal,4000,P08,46.17759949993342,1
SPEA2,normal,4000,P08,46.32148770010099,2
SPEA2,normal,4000,P08,46.09411979978904,3
SPEA2,normal,4000,P08,45.933888900093734,4
SPEA2,normal,4000,P08,47.84386169956997,5
SPEA2,normal,4000,P08,48.48856890015304,6
SPEA2,normal,4000,P08,48.38710819976404,7
SPEA2,normal,4000,P08,47.06308609992266,8
SPEA2,normal,4000,P08,47.24045230029151,9
