condition,event_id,exceedance_probability_any_count,exceedance_probability_any_mean,exceedance_probability_any_std,f1_count,f1_mean,f1_std,f2_count,f2_mean,f2_std,f3_count,f3_mean,f3_std,factor,hard_physical_violation_count,hard_physical_violation_mean,hard_physical_violation_std,max_q_safe_ratio_count,max_q_safe_ratio_mean,max_q_safe_ratio_std,minimum_safety_margin_m3s_count,minimum_safety_margin_m3s_mean,minimum_safety_margin_m3s_std,operational_deviation_count,operational_deviation_mean,operational_deviation_std,peak_reduction_pct_count,peak_reduction_pct_mean,peak_reduction_pct_std,plan_constraint_violation_count,plan_constraint_violation_mean,plan_constraint_violation_std,seconds_count,seconds_mean,seconds_std,strategy,tail_peak_ratio_cvar95_count,tail_peak_ratio_cvar95_mean,tail_peak_ratio_cvar95_std
matched,P01,5,0.1328125,0.13889863721757115,5,0.023231552658787603,0.01775660175487499,5,116.78232211588457,37.12909253178776,5,0.07406049706499475,0.004025182887222331,2.25,5,0.7873801812059493,0.26743134849885447,5,1.3019221184921235,0.23325062825021511,5,-17118.984118503395,13225.310621787197,5,0.3773421894247559,0.057635767887185045,5,-14.360452770026944,20.693801757981852,5,3.995560723370763e-17,3.0084158122199504e-17,5,480.37895248010756,9.014433965750166,dynamic_budget,5,1.1280922381352299,0.09901216812661168
matched,P01,5,0.166796875,0.11077507916522787,5,0.032609118827190045,0.009424324220650515,5,141.41957946452914,39.89213269194859,5,0.07399581365397043,0.004985248596160213,2.25,5,0.7616520862632564,0.30532700578021166,5,1.3667632488428667,0.15254869425203862,5,-20795.47620939055,8649.51096409059,5,0.38224148336699915,0.08101922340200196,5,-20.137788161328196,14.314452133639737,5,4.76959876743283e-17,2.0771254534498796e-17,5,491.99800942,8.242144983349425,fixed_budget,5,1.202786960873417,0.05663332264697717
matched,P01,5,0.01640625,0.012398883006331154,5,0.005378159530179963,0.004889621197515162,5,109.34102897006096,41.9742755272499,5,0.07083777418018779,0.004736493230180885,2.25,5,0.7910573006455731,0.29525873848737355,5,1.2975003132884244,0.21106918433159963,5,-16868.26776345367,11967.622751601697,5,0.35822993944752646,0.06973357174579416,5,-13.977264854362915,18.748212805604517,5,4.761829605528084e-17,2.0683628041882297e-17,5,489.7305396599695,10.364409270448384,full_method,5,0.9720352275663797,0.0981158405467474
matched,P01,5,0.795703125,0.18864397115084938,5,0.027133047278707884,0.013228901245790166,5,81.56721369747812,41.17607761345203,5,0.07468328506867405,0.00657886962856158,2.25,5,0.7895439394662829,0.2667399341895079,5,1.2507620923229217,0.052144283124308244,5,-14218.210634709661,2956.5808531482744,5,0.4249603309371732,0.10538368007170738,5,-9.858759168227426,4.1790224951761425,5,6.793109075918704e-17,1.8324642207406215e-17,5,481.47846351997,12.512599310268653,no_budget,5,1.2127869959417348,0.03770891874340216
normal,P01,5,0.0,0.0,5,0.0,0.0,5,13.719084122829983,0.9891312917605323,5,0.033712343373796305,0.0034339670654023884,1.0,5,0.0,0.0,5,0.6001337782655506,0.047671902903597976,5,22672.41477234328,2702.9968946340045,5,0.1929553255786835,0.026595457231642017,5,-4.750300227473022,8.913863341736452,5,1.1328703148572604e-17,1.632011614890636e-17,5,404.56275782007725,10.46970663911056,dynamic_budget,5,0.6001337782655506,0.047671902903597976
normal,P01,5,0.0,0.0,5,0.0,0.0,5,13.719084122829983,0.9891312917605323,5,0.033712343373796305,0.0034339670654023884,1.0,5,0.0,0.0,5,0.6001337782655506,0.047671902903597976,5,22672.41477234328,2702.9968946340045,5,0.1929553255786835,0.026595457231642017,5,-4.750300227473022,8.913863341736452,5,1.1328703148572604e-17,1.632011614890636e-17,5,396.81172479996457,15.679582873166845,fixed_budget,5,0.6001337782655506,0.047671902903597976
normal,P01,5,0.0,0.0,5,0.0,0.0,5,11.760675159772259,1.1795723701689644,5,0.01792499911532939,0.002596298605784682,1.0,5,0.0,0.0,5,0.3668021323172304,0.07847051664683023,5,35902.319097613035,4449.278293875272,5,0.18708773621082192,0.020438888723396435,5,36.01593925996325,13.493052072138706,5,0.0,0.0,5,428.116369019961,5.134884413027604,full_method,5,0.36680213231723036,0.07847051664683023
normal,P01,5,0.0,0.0,5,0.0,0.0,5,13.043037186208906,1.9887433373670897,5,0.0330596873575406,0.002734071870913497,1.0,5,0.0,0.0,5,0.5367749373051478,0.052809686547532576,5,26264.861054798115,2994.3092272450967,5,0.18072045227815198,0.036622098461389335,5,6.306134291766178,9.644530976490657,5,7.098495233349683e-18,9.720014909121299e-18,5,400.62505472004415,15.08609684289265,no_budget,5,0.5367749373051479,0.05280968654753254
matched,P02,5,0.166015625,0.05672474895100627,5,0.036762122534692965,0.005070817477311739,5,253.17476229597796,51.29757313724917,5,0.07364294305785588,0.0058421064005840986,3.25,5,0.33500258510290354,0.050933161955114235,5,1.4169150186674773,0.033700919071685466,5,-23639.081558445956,1910.8421113645695,5,0.391541213204524,0.04935092756055435,5,-24.014523087350113,6.143649902846222,5,5.517231074685545e-17,2.1982558916266432e-17,5,707.5703974800184,14.15467257507615,dynamic_budget,5,1.2029013666683586,0.0095681714441108
matched,P02,5,0.190625,0.05351705061969736,5,0.0424154189592883,0.00994198774182254,5,271.83297614440113,46.550500992545594,5,0.07297665223234666,0.002095675535448114,3.25,5,0.3350025851029036,0.0509331619551144,5,1.458338233786589,0.05698936874190998,5,-25987.77785569961,3231.297207666294,5,0.40077040375803835,0.06866747575377503,5,-27.764561164083545,9.768200908518903,5,4.743238886974152e-17,1.556033953099908e-17,5,721.8239907599985,8.685699764420496,fixed_budget,5,1.2300363913309647,0.03638004882512953
matched,P02,5,0.22265625,0.09959980039768059,5,0.046595680401055356,0.005908931698914657,5,255.2082365710632,64.77251940019288,5,0.06825940587834303,0.0053078604495084706,3.25,5,0.3350025851029034,0.05093316195511412,5,1.4543007178473213,0.02618066909135698,5,-25758.85070194312,1484.443937479941,5,0.37653052158128236,0.05524525329877225,5,-27.396671240871378,8.330490053950061,5,3.923603040738919e-17,3.006439529353552e-17,5,710.1855640799738,12.54198359909253,full_method,5,1.2485905126549166,0.01899433620741336
matched,P02,5,0.808984375,0.42712392226460827,5,0.03482438056607362,0.014859375954731397,5,189.09140872159077,65.72588142928385,5,0.0707506271883198,0.006210726776150646,3.25,5,0.35636473919200157,0.048958065040624686,5,1.3500960649237594,0.05505336865442182,5,-19850.446881177166,3121.526002705717,5,0.41288237173945275,0.07135184598683557,5,-18.05295771182737,4.058809341533716,5,3.7192472161293664e-17,2.289537755580997e-17,5,736.2285887800157,15.959944994034274,no_budget,5,1.189194878341878,0.0624788889521362
normal,P02,5,0.0,0.0,5,0.0,0.0,5,11.920874449656342,0.8934554282380237,5,0.02588707846414224,0.0025509940925309447,1.0,5,0.0,0.0,5,0.41582937734791925,0.01076477339223915,5,33122.47430437298,610.3626513399596,5,0.10443954249075568,0.008669260372594198,5,-0.6863290738280585,2.879650944249117,5,0.0,0.0,5,651.9775993000716,7.204447592526323,dynamic_budget,5,0.41582937734791925,0.01076477339223915
normal,P02,5,0.0,0.0,5,0.0,0.0,5,11.920874449656342,0.8934554282380237,5,0.02588707846414224,0.0025509940925309447,1.0,5,0.0,0.0,5,0.41582937734791925,0.01076477339223915,5,33122.47430437298,610.3626513399596,5,0.10443954249075568,0.008669260372594198,5,-0.6863290738280585,2.879650944249117,5,0.0,0.0,5,650.643913900014,13.01164834746933,fixed_budget,5,0.41582937734791925,0.01076477339223915
normal,P02,5,0.0,0.0,5,0.0,0.0,5,10.947192769940887,1.2213934068529573,5,0.014641665997136738,0.0011286285224795497,1.0,5,0.0,0.0,5,0.3992640750567832,0.01713323677787503,5,34061.726944280395,971.4545253055146,5,0.1004448714725235,0.0018683630234413494,5,3.3265537526075173,4.266591829211293,5,0.0,0.0,5,670.5535341399722,5.829353547818381,full_method,5,0.3992640750567832,0.01713323677787503
normal,P02,5,0.0,0.0,5,0.0,0.0,5,11.800717017409957,0.6883138422312027,5,0.026721392926884007,0.0010392029426080443,1.0,5,0.0,0.0,5,0.4139098388308059,0.01015775067175341,5,33231.3121382933,575.9444630884169,5,0.10424522930580522,0.008631367182185516,5,-0.22184184286006348,2.7610967419045904,5,3.870190220310333e-18,8.654008418468793e-18,5,634.6482576999348,16.930248182740446,no_budget,5,0.4139098388308059,0.01015775067175341
matched,P03,5,0.036328125,0.007385808750464467,5,0.03013746380485005,0.007171248142525584,5,20.77027827860038,9.421356580248348,5,0.04992013605294722,0.0029019032164381586,2.25,5,0.0,0.0,5,1.680310128940932,0.11444139546427431,5,-38573.58431095085,6488.82712282435,5,0.16523602711282362,0.02155748973810213,5,-6.087860671521258,4.380968136541373,5,2.115103957611461e-17,2.115103957611461e-17,5,479.3230534198694,14.773774556577463,dynamic_budget,5,1.1834743941215178,0.048040868676138396
matched,P03,5,0.038671875,0.01320347170402779,5,0.030505122884676984,0.017553948060747254,5,23.6265997331633,10.617905827960005,5,0.04780413404238913,0.004306453723738829,2.25,5,0.010741689213047759,0.02401914727355101,5,1.6657039199862642,0.20376188712298782,5,-37745.41226322118,11553.29899987341,5,0.17433688265111294,0.025497699357100924,5,-4.6928511440635585,3.474000999463076,5,1.2690623745668765e-17,1.891806491479224e-17,5,492.3813187199645,13.88862288957209,fixed_budget,5,1.1775830502994942,0.12474856771831834
matched,P03,5,0.03671875,0.012460263990419204,5,0.02705922732931227,0.014678454843539383,5,16.66883205218259,4.960515557055939,5,0.036803041202837436,0.010211233286948753,2.25,5,0.010803057027676729,0.02415636987869199,5,1.6291885627668627,0.20432548765610412,5,-35674.99150888111,11585.255150101102,5,0.17744858305378614,0.040252219822662916,5,-2.352255571633615,2.368894739949426,5,2.7037453040679768e-17,1.7615660336277758e-17,5,491.89215693995357,6.582636016942718,full_method,5,1.1536142741871338,0.0903747353120269
matched,P03,5,0.03671875,0.01073330598752663,5,0.03086147837278408,0.01339212580514189,5,13.58241375971715,1.0615773632996126,5,0.03493377606882816,0.0033143433177645868,2.25,5,0.013366820408574634,0.029889119076604395,5,1.692411080804461,0.17919979101955874,5,-39259.708281612926,10160.628150808983,5,0.1886304100465735,0.02296874319424541,5,-6.524128903286875,2.4556510917510512,5,4.230207915222922e-18,9.459032457396119e-18,5,445.4568125799298,13.896439971800326,no_budget,5,1.1893202716171287,0.08428234042172687
normal,P03,5,0.0,0.0,5,0.0,0.0,5,3.467622811417976,0.41607215063139114,5,0.03219920764843934,0.006117498838568944,1.0,5,0.0,0.0,5,0.5270903978724413,0.0746071943033809,5,26813.97444063258,4230.227917001697,5,0.09397784481917304,0.03699631105061394,5,3.4651759692313155,12.783381980248528,5,7.779455531897764e-18,1.0720258851798937e-17,5,444.33919778000563,8.244246764831674,dynamic_budget,5,0.5270903978724413,0.0746071943033809
normal,P03,5,0.0,0.0,5,0.0,0.0,5,3.467622811417976,0.41607215063139114,5,0.03219920764843934,0.006117498838568944,1.0,5,0.0,0.0,5,0.5270903978724413,0.0746071943033809,5,26813.97444063258,4230.227917001697,5,0.09397784481917304,0.03699631105061394,5,3.4651759692313155,12.783381980248528,5,7.779455531897764e-18,1.0720258851798937e-17,5,434.57586424001494,13.553902276609493,fixed_budget,5,0.5270903978724413,0.0746071943033809
normal,P03,5,0.0,0.0,5,0.0,0.0,5,3.133171405561428,0.49996218036706747,5,0.01908546422660156,0.005509833640245623,1.0,5,0.0,0.0,5,0.47889322696325143,0.055277201227040315,5,29546.754031183642,3134.2173095731873,5,0.07979743816527303,0.02316438462246187,5,12.20049357246853,10.391349473327335,5,7.287409152938418e-18,9.984282611687226e-18,5,467.8644720399752,13.160466705443307,full_method,5,0.47889322696325143,0.05527720122704034
normal,P03,5,0.0,0.0,5,0.0,0.0,5,3.143074831291899,0.07958813125475554,5,0.028938904939380346,0.0035463514629255257,1.0,5,0.0,0.0,5,0.4998691384998401,0.03920527050580722,5,28357.419847059064,2222.938837679268,5,0.0813299712811643,0.021082380950257266,5,8.426166314104584,6.286828756964874,5,3.5492476166748416e-18,7.936358939864061e-18,5,438.9650557800196,12.457270284505954,no_budget,5,0.4998691384998401,0.03920527050580722
matched,P04,5,0.068359375,0.018112536124015047,5,0.05494611857137197,0.015008412083319437,5,12.44738899048737,6.100695473544104,5,0.049206670011875855,0.0038606750050692307,18.0,5,0.0022118202838521993,0.0049457805087063985,5,1.6428186648735448,0.12666842665158703,5,-36447.818298329985,7182.09979114498,5,0.24090487217768644,0.027559412855558504,5,-1.978252672499675,4.520232675228618,5,1.1611959387079023e-17,1.0658546492877129e-17,5,443.872937399894,10.73318134037729,dynamic_budget,5,1.2821993994867666,0.05646351057946961
matched,P04,5,0.072265625,0.01784733093993854,5,0.06347993646658354,0.01303231811129712,5,10.352447995485784,2.027133619691484,5,0.04029140534666518,0.0035988002482834213,18.0,5,0.0015035354103065358,0.0033620073840234517,5,1.640212219267432,0.12566048716337783,5,-36300.0328324634,7124.949622163521,5,0.214831194489284,0.01993096634208247,5,-1.808673974880789,4.238067349140467,5,4.230207915222922e-18,9.459032457396119e-18,5,459.27492009997366,13.068301661605727,fixed_budget,5,1.3026307413115625,0.0553441812270758
matched,P04,5,0.070703125,0.017868692205441686,5,0.05673898985069141,0.012290877794401855,5,12.498273000177635,4.185917717063923,5,0.03562199289419591,0.008093534771874281,18.0,5,0.00032493277707449503,0.0007265717776563562,5,1.6225596722466686,0.1333751251332443,5,-35299.13341638611,7562.36959505495,5,0.2456006655883436,0.04046232977064529,5,-0.6832741836576316,4.371329689942919,5,0.0,0.0,5,483.6678479200229,31.250504468900626,full_method,5,1.2778623427935125,0.04679559856567271
matched,P04,5,0.221484375,0.3776749888684673,5,0.04699871248681271,0.014653929640858286,5,7.084133423730899,1.675095871241886,5,0.036214813672321634,0.0037475333334366194,18.0,5,0.0,0.0,5,1.6169434025587766,0.12090087953171459,5,-34980.690925082636,6855.079869448219,5,0.2453971530001052,0.02130425438944311,5,-0.33396056160932297,2.6930979165926554,5,7.098495233349683e-18,1.5872717879728122e-17,5,400.9350852000527,7.122324889976241,no_budget,5,1.2221040351682997,0.05579724183494833
normal,P04,5,0.0,0.0,5,0.0,0.0,5,3.427987498804801,0.4765456514229749,5,0.023380829607510062,0.00338875016438781,1.0,5,0.0,0.0,5,0.21703471563868101,0.013391711353647336,5,44394.13162328679,759.3100337518043,5,0.05832204708874861,0.030729691545389515,5,2.9027346857149636,7.333701324032934,5,7.51378015590286e-18,1.0296462230387973e-17,5,403.28239350011575,16.85345727294822,dynamic_budget,5,0.21703471563868107,0.013391711353647355
normal,P04,5,0.0,0.0,5,0.0,0.0,5,3.427987498804801,0.4765456514229749,5,0.023380829607510062,0.00338875016438781,1.0,5,0.0,0.0,5,0.21703471563868101,0.013391711353647336,5,44394.13162328679,759.3100337518043,5,0.05832204708874861,0.030729691545389515,5,2.9027346857149636,7.333701324032934,5,7.51378015590286e-18,1.0296462230387973e-17,5,411.3598527800292,14.085391453779895,fixed_budget,5,0.21703471563868107,0.013391711353647355
normal,P04,5,0.0,0.0,5,0.0,0.0,5,3.3764707724627008,0.33847207843298127,5,0.013642232600818547,0.0017537160916301282,1.0,5,0.0,0.0,5,0.18530327350352457,0.014751241072449323,5,46193.304392350154,836.39536880788,5,0.05310164516205464,0.011437504261582075,5,17.115975154097015,7.261394469637377,5,0.0,0.0,5,417.0473216199316,6.696612507644918,full_method,5,0.18530327350352457,0.014751241072449316
normal,P04,5,0.0,0.0,5,0.0,0.0,5,3.427987498804801,0.4765456514229749,5,0.023380829607510062,0.00338875016438781,1.0,5,0.0,0.0,5,0.21703471563868101,0.013391711353647336,5,44394.13162328679,759.3100337518043,5,0.05832204708874861,0.030729691545389515,5,2.9027346857149636,7.333701324032934,5,7.51378015590286e-18,1.0296462230387973e-17,5,415.10745558002964,10.804111239068638,no_budget,5,0.21703471563868107,0.013391711353647355
matched,P05,5,0.02578125,0.016188567019611015,5,0.031749886761658526,0.01783281224265959,5,3.4903198963967212,1.191359495520052,5,0.03895290550071155,0.004701618551251062,18.25,5,0.004537610951435366,0.010146406542856975,5,1.633398314465873,0.15710576639277296,5,-35913.684430215,8907.896954470227,5,0.06735989758250668,0.0476110654697018,5,1.2039063443611209,3.1767593137005252,5,3.738161536263577e-18,8.358783305960403e-18,5,136.0021796398796,5.490948346603786,dynamic_budget,5,1.0562079827383262,0.1307850515255604
matched,P05,5,0.031640625,0.0240955789270174,5,0.039005603286839705,0.02209535593757708,5,4.059343228459867,1.1810113027616478,5,0.042107769044968255,0.008431967775692994,18.25,5,0.0027730950299794956,0.00620082899510097,5,1.6366411109996417,0.13259664157263487,5,-36097.55099367969,7518.229577168397,5,0.03250034664087826,0.010976499230512193,5,0.8916250312215489,3.448107899078296,5,7.098495233349683e-18,1.5872717879728122e-17,5,140.4806152999401,9.038963534520358,fixed_budget,5,1.0790773901512782,0.15316070337006737
matched,P05,5,0.03359375,0.025292780223718243,5,0.03262425746904914,0.015075230204213887,5,3.4671597319469614,1.3009547891368207,5,0.027266539081430792,0.003621359775141554,18.25,5,0.0004251564268721268,0.0009506786715569937,5,1.598816007748819,0.15295579957918895,5,-33952.86763935804,8672.593836140011,5,0.02199294793835508,0.024594989885686546,5,3.316483222072449,2.0483790797690213,5,3.643589935592525e-18,8.147314778118968e-18,5,142.42865857994184,5.839677289100958,full_method,5,1.0257093930178598,0.13668696306478906
matched,P05,5,0.02578125,0.012536567606157198,5,0.02977339309259524,0.014112643582299916,5,3.280099708133433,0.7270641645826694,5,0.03441591884397948,0.003950625892896041,18.25,5,0.0014359976787015614,0.0032109884251085934,5,1.6109458936521903,0.14069030117352332,5,-34640.6321700792,7977.1400765387725,5,0.04588452070510515,0.03076002679250602,5,2.5341080242799725,1.1878937641128926,5,0.0,0.0,5,130.24214739995077,3.2534351250663573,no_budget,5,1.0244906797056204,0.1173536190477586
normal,P05,5,0.0,0.0,5,0.0,0.0,5,2.0298216543572645,0.56415146600494,5,0.033210644131605196,0.005589763499939137,1.0,5,0.0,0.0,5,0.5037690918135617,0.04043075509421245,5,28136.292494171055,2292.423813841845,5,0.0440245164220099,0.02797373268799989,5,11.169137272908108,6.898390140121541,5,3.5492476166748416e-18,7.936358939864063e-18,5,129.13475954001768,6.272410044274363,dynamic_budget,5,0.5037690918135617,0.04043075509421247
normal,P05,5,0.0,0.0,5,0.0,0.0,5,2.0298216543572645,0.56415146600494,5,0.033210644131605196,0.005589763499939137,1.0,5,0.0,0.0,5,0.5037690918135617,0.04043075509421245,5,28136.292494171055,2292.423813841845,5,0.0440245164220099,0.02797373268799989,5,11.169137272908108,6.898390140121541,5,3.5492476166748416e-18,7.936358939864063e-18,5,126.14287334000691,4.305564678244498,fixed_budget,5,0.5037690918135617,0.04043075509421247
normal,P05,5,0.0,0.0,5,0.0,0.0,5,1.4546313112067675,0.25947933505648546,5,0.021323240267996566,0.0033556927280885018,1.0,5,0.0,0.0,5,0.42443658615094826,0.07229187895142679,5,32634.445565241236,4098.9495365459,5,0.020550742597672568,0.026190768572462827,5,25.15912060225155,12.646094271976875,5,3.5492476166748416e-18,7.936358939864061e-18,5,134.96543623991312,5.45249067500197,full_method,5,0.42443658615094826,0.07229187895142679
normal,P05,5,0.0,0.0,5,0.0,0.0,5,2.0298216543572645,0.56415146600494,5,0.033210644131605196,0.005589763499939137,1.0,5,0.0,0.0,5,0.5037690918135617,0.04043075509421245,5,28136.292494171055,2292.423813841845,5,0.0440245164220099,0.02797373268799989,5,11.169137272908108,6.898390140121541,5,3.5492476166748416e-18,7.936358939864063e-18,5,127.32186431996524,3.968068840993829,no_budget,5,0.5037690918135617,0.04043075509421247
matched,P06,5,0.032421875,0.010204961310635259,5,0.04811688220998705,0.010738667637453353,5,2.288725158324115,0.6410969026984635,5,0.04261931012186566,0.009206107492098551,12.5,5,0.0,0.0,5,1.6319473296165263,0.03887309658275396,5,-35831.41358925704,2204.10457624215,5,0.1044834331454989,0.09599112614420716,5,2.002529439783162,1.990899109230985,5,3.643589935592525e-18,8.147314778118967e-18,5,146.49722049999983,5.416123035242981,dynamic_budget,5,1.0953508891708599,0.06211982830883969
matched,P06,5,0.034375,0.012777677526403224,5,0.05363690276928619,0.019456158819325674,5,2.7960924432069625,1.1007165243318178,5,0.040998967663553196,0.008042472982754578,12.5,5,0.0,0.0,5,1.6479867753080064,0.06581793441056412,5,-36740.85015996398,3731.876881078988,5,0.05519256985034147,0.03251736036332903,5,1.0879306280678014,1.3408925174668163,5,3.738161536263577e-18,8.358783305960403e-18,5,146.47294015986844,5.274208941943879,fixed_budget,5,1.1055259410852303,0.1251438574317262
matched,P06,5,0.03046875,0.010839403848055942,5,0.048333732609472435,0.021140626973244633,5,2.431585725442357,1.0363130847417117,5,0.03326198790117301,0.004241188924610929,12.5,5,0.0,0.0,5,1.6325654416802364,0.06866603939517386,5,-35866.460543269415,3893.364433706356,5,0.0877678540993311,0.06592817079478397,5,2.018652829794803,1.612823425441004,5,0.0,0.0,5,141.60495618004353,6.813176337708318,full_method,5,1.072064978354523,0.13781788519990662
matched,P06,5,0.020703125,0.009014047468136192,5,0.0374576641479707,0.01333158743970038,5,1.5695695826516827,0.6427540081477978,5,0.03320086465380624,0.004392055047237129,12.5,5,0.0,0.0,5,1.6027392216221599,0.07516482606127688,5,-34175.31386597648,4261.845637674402,5,0.15481311928774244,0.040408892653986506,5,3.8208863828494657,1.9004596142352523,5,1.083665676961326e-17,1.5983558009054112e-17,5,125.5882009201683,5.459792310576259,no_budget,5,1.0136509348643477,0.061476708790711036
normal,P06,5,0.0,0.0,5,0.0,0.0,5,0.486056202167563,0.19304769286178927,5,0.0342116123399947,0.00437387872094475,1.0,5,0.0,0.0,5,0.3636244713680637,0.023892978000604328,5,36082.49247343079,1354.7318526342674,5,0.010301344291049477,0.016198460511413458,5,9.52271298323597,6.037916073115948,5,0.0,0.0,5,126.1606349600479,6.203248632875609,dynamic_budget,5,0.3636244713680637,0.02389297800060434
normal,P06,5,0.0,0.0,5,0.0,0.0,5,0.486056202167563,0.19304769286178927,5,0.0342116123399947,0.00437387872094475,1.0,5,0.0,0.0,5,0.3636244713680637,0.023892978000604328,5,36082.49247343079,1354.7318526342674,5,0.010301344291049477,0.016198460511413458,5,9.52271298323597,6.037916073115948,5,0.0,0.0,5,122.1936112000607,6.21451504806716,fixed_budget,5,0.3636244713680637,0.02389297800060434
normal,P06,5,0.0,0.0,5,0.0,0.0,5,0.3829142980577983,0.28922135264146565,5,0.0251559753466231,0.0023728081652726845,1.0,5,0.0,0.0,5,0.31639091460795715,0.04449211762139132,5,38760.63514172883,2522.7030691328873,5,0.01200450509469104,0.014501279787073046,5,21.276538418818916,11.104740537404941,5,0.0,0.0,5,122.81441243998707,4.5968759315467205,full_method,5,0.31639091460795715,0.04449211762139132
normal,P06,5,0.0,0.0,5,0.0,0.0,5,0.486056202167563,0.19304769286178927,5,0.0342116123399947,0.00437387872094475,1.0,5,0.0,0.0,5,0.3636244713680637,0.023892978000604328,5,36082.49247343079,1354.7318526342674,5,0.010301344291049477,0.016198460511413458,5,9.52271298323597,6.037916073115948,5,0.0,0.0,5,124.04366102013736,7.260858405717662,no_budget,5,0.3636244713680637,0.02389297800060434
matched,P07,5,0.0234375,0.007307924583542854,5,0.05448989550809419,0.03854851351497104,5,3.6738744838808644,2.8637920598523765,5,0.04777102304783749,0.004829688041966664,35.75,5,0.04238094811471378,0.08495878395913369,5,1.6744941679707828,0.31829095862127865,5,-38243.81932394339,18047.097353826503,5,0.13196181935290863,0.028418361295432154,5,4.789711591425767,2.906185407549981,5,1.4706846989923593e-17,1.501719616670116e-17,5,113.65218011988327,3.7943839302342734,dynamic_budget,5,1.0266625134879053,0.14698361195883028
matched,P07,5,0.02109375,0.004453810254293507,5,0.04711371413987529,0.028934128154936064,5,2.9078470265450544,2.1317956649069405,5,0.04055610879126116,0.0023527168128415986,35.75,5,0.026893463837390302,0.06013561329083707,5,1.638652331578993,0.27063862047555604,5,-36211.58720052891,15345.209780964027,5,0.1262053561635173,0.041076312604990575,5,6.4961932748002,3.696451816423382,5,1.0968685453660017e-17,1.6067162709040945e-17,5,116.73200016003102,3.3631338917979137,fixed_budget,5,0.9612093538791907,0.08416099448175834
matched,P07,5,0.030078125,0.0065655219976451604,5,0.05456269673740881,0.01833683749651304,5,3.5221699643268125,1.340311024393626,5,0.04028097400447536,0.007971974503367644,35.75,5,0.05117904023652274,0.11443981299206178,5,1.7014906882867862,0.3318924068269506,5,-39774.522025860766,18818.2994670881,5,0.09437438477829806,0.02284670071508416,5,3.2483919227373463,3.235096696287183,5,3.738161536263577e-18,8.358783305960403e-18,5,118.08651234004647,1.158809489099143,full_method,5,1.0515015430849215,0.09555537064910932
matched,P07,5,0.020703125,0.010016313597623503,5,0.04189914139327884,0.03026339731161274,5,2.146564036500571,1.0921812316052018,5,0.034570289675281085,0.004261425646924963,35.75,5,0.028277220448768847,0.06322978713819424,5,1.6013246985093172,0.30033958025509466,5,-34095.11040547829,17029.254200463867,5,0.13056443972421755,0.038475248957202786,5,8.942971795244404,2.0575926115048646,5,0.0,0.0,5,108.18293098006397,7.117252118725561,no_budget,5,0.9328521773485206,0.1505767882816308
normal,P07,5,0.0,0.0,5,0.0,0.0,5,0.22180053935361332,0.22228560051580723,5,0.03207852638110216,0.0053346178146778415,1.0,5,0.0,0.0,5,0.25657150858844313,0.04562347054547748,5,42152.39546303528,2586.8507799285753,5,3.731511379929299e-05,8.343913104334965e-05,5,29.133740571627573,13.026878410973461,5,3.5492476166748416e-18,7.936358939864061e-18,5,101.5269529399462,7.744380959532828,dynamic_budget,5,0.25657150858844313,0.04562347054547749
normal,P07,5,0.0,0.0,5,0.0,0.0,5,0.22180053935361332,0.22228560051580723,5,0.03207852638110216,0.0053346178146778415,1.0,5,0.0,0.0,5,0.25657150858844313,0.04562347054547748,5,42152.39546303528,2586.8507799285753,5,3.731511379929299e-05,8.343913104334965e-05,5,29.133740571627573,13.026878410973461,5,3.5492476166748416e-18,7.936358939864061e-18,5,101.3020016998984,6.787525516278737,fixed_budget,5,0.25657150858844313,0.04562347054547749
normal,P07,5,0.0,0.0,5,0.0,0.0,5,0.04446189626748153,0.02747618740282368,5,0.023383464041101403,0.00273406665304407,1.0,5,0.0,0.0,5,0.1765132819518843,0.06703057921695238,5,46691.69691332816,3800.633841601201,5,0.0,0.0,5,51.45474573765527,18.788886066630337,5,0.0,0.0,5,111.1445166000165,2.9221658891123776,full_method,5,0.1765132819518843,0.06703057921695238
normal,P07,5,0.0,0.0,5,0.0,0.0,5,0.22180053935361332,0.22228560051580723,5,0.03207852638110216,0.0053346178146778415,1.0,5,0.0,0.0,5,0.25657150858844313,0.04562347054547748,5,42152.39546303528,2586.8507799285753,5,3.731511379929299e-05,8.343913104334965e-05,5,29.133740571627573,13.026878410973461,5,3.5492476166748416e-18,7.936358939864061e-18,5,102.65621566008777,7.825827873255393,no_budget,5,0.25657150858844313,0.04562347054547749
matched,P08,5,0.02890625,0.006680715381440262,5,0.0360320977711616,0.014628923545387905,5,3.6144100624530267,1.892805892923098,5,0.036284370157440224,0.0035476283514228103,5.5,5,0.0014210468622279445,0.003177557383154462,5,1.583430831796706,0.17501618462675383,5,-33080.528162873234,9923.417668336946,5,0.1782206330077621,0.03177909929851473,5,-3.0377492546258074,4.422829681232978,5,0.0,0.0,5,139.19641291992738,5.364831168819464,dynamic_budget,5,1.074746847408365,0.10660773035091663
matched,P08,5,0.02578125,0.005592898852842325,5,0.031997289267423984,0.01030057472562826,5,2.510353101302008,0.4563902246497417,5,0.03315709993090147,0.008027544451502796,5.5,5,0.0,0.0,5,1.5719701622648248,0.08497923998496668,5,-32430.708200415575,4818.322907147614,5,0.15920350179208187,0.03451599292891336,5,-2.7134169059754036,5.418647094720261,5,3.643589935592525e-18,8.147314778118968e-18,5,139.74294472010806,2.875457575231313,fixed_budget,5,1.0121152131076296,0.08268567537948636
matched,P08,5,0.02265625,0.012702822298053985,5,0.03003489828520751,0.016869246322445658,5,3.0195980938399885,1.316518695683508,5,0.03307945380567072,0.010822970150599957,5.5,5,0.0,0.0,5,1.497053926368288,0.15515984913122946,5,-28182.957625081926,8797.56344574071,5,0.19006745882379156,0.025001213293251258,5,2.5993319200352065,0.9437106163219862,5,0.0,0.0,5,137.87922628009693,3.4045286337125744,full_method,5,0.9667095128468999,0.1280323276899726
matched,P08,5,0.021484375,0.0023920798269366976,5,0.02512145323244221,0.00887358913952573,5,1.63947108610399,0.2747519432613951,5,0.023631774331944737,0.005387398162761599,5.5,5,0.0,0.0,5,1.5328355355004928,0.11510998483463447,5,-30211.774862877945,6526.736140123779,5,0.1897594161419313,0.03505900322411803,5,0.007430717074726134,3.781275488596329,5,7.098495233349683e-18,1.5872717879728122e-17,5,126.0288063801825,2.8921839594948384,no_budget,5,0.9186315102127816,0.030722764749491125
normal,P08,5,0.0,0.0,5,0.0,0.0,5,0.19054409443402381,0.14774856082075574,5,0.02529176636518663,0.002104121283944378,1.0,5,0.0,0.0,5,0.19899653212418622,0.05727338171700568,5,45416.89662855864,3247.4007433542242,5,0.024382034802650433,0.022575449991059794,5,8.47127316815794,26.957881512603787,5,0.0,0.0,5,119.3594918601215,4.046677313018876,dynamic_budget,5,0.19899653212418622,0.057273381717005696
normal,P08,5,0.0,0.0,5,0.0,0.0,5,0.19054409443402381,0.14774856082075574,5,0.02529176636518663,0.002104121283944378,1.0,5,0.0,0.0,5,0.19899653212418622,0.05727338171700568,5,45416.89662855864,3247.4007433542242,5,0.024382034802650433,0.022575449991059794,5,8.47127316815794,26.957881512603787,5,0.0,0.0,5,118.38663253998384,2.563335266574671,fixed_budget,5,0.19899653212418622,0.057273381717005696
normal,P08,5,0.0,0.0,5,0.0,0.0,5,0.14428095101662142,0.15211969649927817,5,0.017815945385537785,0.0026844199768549294,1.0,5,0.0,0.0,5,0.14640151266644666,0.04636140372019296,5,48399.034231812475,2628.691590934943,5,0.015271596930305784,0.02296592407723005,5,32.77533976928786,21.47854809974593,5,0.0,0.0,5,127.5155507799238,4.702334995958835,full_method,5,0.1464015126664467,0.046361403720192984
normal,P08,5,0.0,0.0,5,0.0,0.0,5,0.19054409443402381,0.14774856082075574,5,0.02529176636518663,0.002104121283944378,1.0,5,0.0,0.0,5,0.19899653212418622,0.05727338171700568,5,45416.89662855864,3247.4007433542242,5,0.024382034802650433,0.022575449991059794,5,8.47127316815794,26.957881512603787,5,0.0,0.0,5,118.32541091991588,3.6412986137661645,no_budget,5,0.19899653212418622,0.057273381717005696
