algorithm,condition,evaluations,event_id,feasible_front_size,hv,igd,seconds,seed_index
MOABC,normal,4000,P01,6,0.5232840346865089,0.4070352947386005,31.847732100170106,0
MOABC,normal,4000,P01,6,0.2793690927251421,0.6920667020132463,36.05819829972461,1
MOABC,normal,4000,P01,12,1.030920194674479,0.13738329951292472,31.597631100099534,2
MOABC,normal,4000,P01,7,0.29287789730222447,0.6570514709594611,35.6514075002633,3
MOABC,normal,4000,P01,5,0.39195984318133253,0.5711231588878763,33.96205290034413,4
MOABC,normal,4000,P01,11,0.987108490344515,0.13134203878170148,32.50547549966723,5
MOABC,normal,4000,P01,6,1.0147669529036314,0.18050482356736572,31.662860000040382,6
MOABC,normal,4000,P01,4,0.29663675631914105,0.6497278281740341,33.09769879980013,7
MOABC,normal,4000,P01,5,0.34140708740830483,0.5900730765114046,31.980490600224584,8
MOABC,normal,4000,P01,14,1.0139834911597143,0.16318549909991195,28.80151619995013,9
MOEA/D,normal,4000,P01,0,0.724971991017259,0.2932249863213903,24.52825880004093,0
MOEA/D,normal,4000,P01,0,0.5150830286165613,0.46229462350505396,24.47191199986264,1
MOEA/D,normal,4000,P01,8,0.45817655357018594,0.49921501249964817,24.760888599790633,2
MOEA/D,normal,4000,P01,3,0.5077798802328128,0.4716761659497693,24.565193699672818,3
MOEA/D,normal,4000,P01,0,0.5127796463310413,0.47845466693109334,24.333657099865377,4
MOEA/D,normal,4000,P01,0,0.3920325157623362,0.5655386343260213,24.50319969980046,5
MOEA/D,normal,4000,P01,10,0.8310229560109915,0.2626861319302077,24.4481485998258,6
MOEA/D,normal,4000,P01,10,0.9250931201468114,0.13507237328817875,24.600132500287145,7
MOEA/D,normal,4000,P01,14,1.1286174403745648,0.062386753820457365,24.762943599838763,8
MOEA/D,normal,4000,P01,9,0.8903778002551171,0.18132427392054695,24.716355700045824,9
MOPSO,normal,4000,P01,10,0.8209354360420492,0.22952528673386755,24.866644999943674,0
MOPSO,normal,4000,P01,7,1.0915262528390695,0.06854499052514514,24.809164099860936,1
MOPSO,normal,4000,P01,12,0.7853768788747344,0.21734829835373373,24.67275630030781,2
MOPSO,normal,4000,P01,12,0.9812079798534853,0.15506925267743155,24.47844299999997,3
MOPSO,normal,4000,P01,6,0.9518465142763891,0.1570476070985305,24.492812300100923,4
MOPSO,normal,4000,P01,14,0.8964258147015295,0.1517922019262096,24.72330139996484,5
MOPSO,normal,4000,P01,9,0.3050233467980911,0.6403786676596809,24.601675800047815,6
MOPSO,normal,4000,P01,11,0.37460154475477947,0.5376519256938098,24.638460699934512,7
MOPSO,normal,4000,P01,8,0.2736953698667839,0.6704018672636919,24.798406399786472,8
MOPSO,normal,4000,P01,8,0.4543041445866808,0.4987600526711134,26.515033999923617,9
NSGA-III,normal,4000,P01,0,0.5168575833914733,0.4153055289458805,36.056530999951065,0
NSGA-III,normal,4000,P01,2,0.4636077406556909,0.5203769940179447,34.304189700167626,1
NSGA-III,normal,4000,P01,3,0.37063430752808707,0.597314628666282,35.21365679986775,2
NSGA-III,normal,4000,P01,3,0.7570493175368683,0.266272392884531,35.02913110004738,3
NSGA-III,normal,4000,P01,0,0.6718219161180858,0.3925739739099594,34.469290300272405,4
NSGA-III,normal,4000,P01,5,0.2600651038562896,0.6938803385503588,34.70541809964925,5
NSGA-III,normal,4000,P01,8,0.3804490719760427,0.6126763348498346,34.64765760023147,6
NSGA-III,normal,4000,P01,9,0.43043627781827326,0.5432208076513168,34.76428439980373,7
NSGA-III,normal,4000,P01,16,0.1605674237411512,0.8316915916729105,35.110513700172305,8
NSGA-III,normal,4000,P01,12,0.22911482653959742,0.7301268555715815,33.01938930014148,9
NSGA-II,normal,4000,P01,0,0.7474925471348709,0.35222226344620927,36.339532000012696,0
NSGA-II,normal,4000,P01,11,0.5995360964407517,0.42196211822974644,33.708056500181556,1
NSGA-II,normal,4000,P01,5,0.4335489973809489,0.5221467015064624,34.1727543999441,2
NSGA-II,normal,4000,P01,12,0.39851779010426364,0.5856096913887384,35.14340509986505,3
NSGA-II,normal,4000,P01,0,0.42610558379516844,0.5151981472311916,35.35221470007673,4
NSGA-II,normal,4000,P01,4,0.29293365845070524,0.6509726750676871,34.41127589996904,5
NSGA-II,normal,4000,P01,7,0.3597645190600323,0.5796103118555958,34.203941400162876,6
NSGA-II,normal,4000,P01,0,0.8099681180728042,0.33476004076445626,36.6279064998962,7
MOABC,normal,4000,P02,8,0.07589511783465645,0.928021948528222,46.43757369974628,0
MOABC,normal,4000,P02,0,0.4324875611073082,0.5174912321535595,47.12272820016369,1
MOABC,normal,4000,P02,0,0.13110172501925646,0.8359778041675173,49.14440490026027,2
MOABC,normal,4000,P02,0,0.9459115432819976,0.11739179516256942,57.43051899969578,3
MOABC,normal,4000,P02,0,1.0118176209990077,0.21841481698383908,59.117296000011265,4
MOABC,normal,4000,P02,6,0.8568718425898096,0.189693973916972,60.3007135996595,5
MOABC,normal,4000,P02,0,0.5686669233815642,0.3976260008631392,60.680304599925876,6
MOABC,normal,4000,P02,0,0.5943886332195529,0.3050388081252568,53.69364030007273,7
MOABC,normal,4000,P02,0,1.1165159280032413,0.06736624106662188,45.66857760027051,8
MOABC,normal,4000,P02,0,0.7786795403007916,0.19821961283710715,44.2713354001753,9
MOEA/D,normal,4000,P02,3,0.7893621155079429,0.2066524018221662,31.975359400268644,0
MOEA/D,normal,4000,P02,0,0.7402894377907762,0.3074498580558481,32.20368400029838,1
MOEA/D,normal,4000,P02,0,0.7665131924840177,0.307665009236021,32.05676500033587,2
MOEA/D,normal,4000,P02,0,0.26481132654348993,0.7150385967149463,33.15981790004298,3
MOEA/D,normal,4000,P02,0,0.21632084100405963,0.7452653324336728,32.678250200115144,4
MOABC,normal,4000,P03,13,0.8395861558710886,0.17809775192029492,32.38158390019089,0
MOABC,normal,4000,P03,13,0.9571388557210762,0.16887157855643387,31.364562099799514,1
MOABC,normal,4000,P03,9,0.8295534315484527,0.16532817266871302,30.649641000200063,2
MOABC,normal,4000,P03,14,0.9425875697320478,0.12759040922917342,31.311089099850506,3
MOABC,normal,4000,P03,14,0.9499299944781887,0.13874116283765361,31.760005199816078,4
MOABC,normal,4000,P03,16,0.7631593909923688,0.21061229411113477,30.36463089985773,5
MOABC,normal,4000,P03,13,0.7296211062689311,0.2326682285835052,31.932905400171876,6
MOABC,normal,4000,P03,7,0.9861706011521164,0.11558557950097821,30.841473899781704,7
MOABC,normal,4000,P03,7,0.7755313960420835,0.19924053224703003,32.15638179983944,8
MOABC,normal,4000,P03,9,0.7289901003018948,0.22197497102158167,32.44426580006257,9
MOEA/D,normal,4000,P03,4,0.11796944577815853,0.822559301829773,27.80594089999795,0
MOEA/D,normal,4000,P03,14,0.7217496787667907,0.254793665836632,27.922306700143963,1
MOEA/D,normal,4000,P03,5,0.40757084354119283,0.47344943858333033,26.613098499830812,2
MOEA/D,normal,4000,P03,12,0.6642874444734126,0.2676521180242666,26.7019647997804,3
MOEA/D,normal,4000,P03,6,0.568105867931625,0.3216635119756653,27.25302999978885,4
MOEA/D,normal,4000,P03,13,0.5525239563059058,0.3510941154286249,28.396550400182605,5
MOEA/D,normal,4000,P03,2,0.5112157498764163,0.36932757834787655,28.268621399998665,6
MOEA/D,normal,4000,P03,10,0.6894187617567816,0.25603352763703857,28.807174200192094,7
MOEA/D,normal,4000,P03,11,0.39907463345544947,0.48572170263889564,29.2295556999743,8
MOEA/D,normal,4000,P03,13,0.45442159611554217,0.46217370830074966,28.319921400398016,9
MOPSO,normal,4000,P03,5,0.7686436511395023,0.3433820200185236,28.654991399962455,0
MOPSO,normal,4000,P03,5,0.9676438992655787,0.29145140060863256,29.777176199946553,1
MOPSO,normal,4000,P03,9,0.72483018545569,0.33185264208398063,28.29532810021192,2
MOPSO,normal,4000,P03,5,0.7832578564854399,0.34314382341132593,29.202582400292158,3
MOPSO,normal,4000,P03,11,0.6869665127698159,0.37892327191656067,28.418101700022817,4
MOPSO,normal,4000,P03,7,0.8244045292236164,0.256617252441612,28.15432950016111,5
MOPSO,normal,4000,P03,16,0.7805946209827265,0.2727596147859745,28.7248630002141,6
MOPSO,normal,4000,P03,9,0.8140946808884283,0.3277841728797307,28.322163799777627,7
MOPSO,normal,4000,P03,14,0.7405642203273545,0.2974898073090085,28.60630050022155,8
MOPSO,normal,4000,P03,6,0.8421360348335067,0.3092747202654835,29.214635000098497,9
NSGA-III,normal,4000,P03,8,0.42875839594586523,0.452416797692236,35.75153179978952,0
NSGA-III,normal,4000,P03,15,0.742695660118448,0.23068515641886167,34.89073710003868,1
NSGA-III,normal,4000,P03,7,0.31257688901237557,0.5722638489432781,37.49857500009239,2
NSGA-III,normal,4000,P03,11,0.874617997311146,0.1377844018870509,36.16241949982941,3
NSGA-III,normal,4000,P03,14,0.729778555760901,0.22501963619120494,38.32282939972356,4
NSGA-III,normal,4000,P03,7,0.4876847927049692,0.4040774145779955,41.84176900004968,5
NSGA-III,normal,4000,P03,2,0.2746003577936515,0.5922899374812526,41.46758869988844,6
NSGA-III,normal,4000,P03,9,0.8704541630272525,0.15472102088354647,38.8687001997605,7
NSGA-III,normal,4000,P03,7,0.33364612179903147,0.5455090991741169,36.65945120016113,8
NSGA-III,normal,4000,P03,17,0.7759639332597895,0.20500169125187453,36.90663230000064,9
NSGA-II,normal,4000,P03,9,0.5948633135639342,0.31962793635787956,35.67663250025362,0
NSGA-II,normal,4000,P03,16,0.7077981451772108,0.24204227967522637,35.86378809995949,1
NSGA-II,normal,4000,P03,8,0.34362173788036143,0.5506611378877494,36.88059910014272,2
NSGA-II,normal,4000,P03,7,0.8499393059395417,0.18299046391012555,34.51770780002698,3
NSGA-II,normal,4000,P03,14,0.6212804605943775,0.2995833441374723,35.521885300055146,4
NSGA-II,normal,4000,P03,7,0.311006779035857,0.5618929556558306,35.86551179969683,5
NSGA-II,normal,4000,P03,6,0.20809674263671987,0.702816332582241,37.62288670009002,6
NSGA-II,normal,4000,P03,10,0.635881456291248,0.2884881529383835,34.28524299990386,7
NSGA-II,normal,4000,P03,5,0.6066175902278385,0.32428571577535514,34.224576300010085,8
NSGA-II,normal,4000,P03,25,0.8042873950960426,0.1977873530155801,32.32606379967183,9
SPEA2,normal,4000,P03,4,0.5970613469284107,0.31738487959497413,66.68745379988104,0
SPEA2,normal,4000,P03,7,0.6272228864984536,0.2959914162996206,67.07620649971068,1
SPEA2,normal,4000,P03,5,0.21168137607632778,0.6968772291075592,68.05321979988366,2
SPEA2,normal,4000,P03,11,0.8276353553743429,0.18088227635373133,66.02047969959676,3
SPEA2,normal,4000,P03,9,0.6372810852583339,0.280634504067266,66.68842610018328,4
SPEA2,normal,4000,P03,15,0.5915117970022941,0.32415067222110666,64.02852809987962,5
SPEA2,normal,4000,P03,6,0.3358192841818559,0.577025166043211,72.11459010001272,6
SPEA2,normal,4000,P03,7,0.7727855841899597,0.20141341172404573,64.10540469968691,7
SPEA2,normal,4000,P03,16,0.7434968066283605,0.2347054693388497,64.82813079981133,8
SPEA2,normal,4000,P03,21,0.7249355775414801,0.2366090711278318,64.62680489988998,9
MOABC,normal,4000,P04,11,0.7452434631755886,0.34923652061835103,33.86897419998422,0
MOABC,normal,4000,P04,13,0.7784049785008273,0.3496967001455857,32.664078899659216,1
MOABC,normal,4000,P04,18,0.5277020662594557,0.5530459541737438,32.11199579993263,2
MOABC,normal,4000,P04,9,0.754930232998955,0.3311074861246394,32.91498490003869,3
MOABC,normal,4000,P04,11,0.7244881556427634,0.3899717485034498,30.66775429993868,4
MOABC,normal,4000,P04,9,0.9353960717102031,0.1981191816736581,30.477174799889326,5
MOABC,normal,4000,P04,12,0.37304246032750243,0.6644599847141264,31.949128000065684,6
MOABC,normal,4000,P04,7,0.5578159990544945,0.47880497308351355,32.69003009982407,7
MOABC,normal,4000,P04,14,0.7819902961645891,0.31018200136642887,34.18651970010251,8
MOABC,normal,4000,P04,6,0.4290471390583949,0.5939062711553793,35.1951419999823,9
MOEA/D,normal,4000,P04,21,0.5482021597001722,0.5534188824617268,27.413101899903268,0
MOEA/D,normal,4000,P04,5,0.09755098826549279,1.0371450186577418,27.335208000149578,1
MOEA/D,normal,4000,P04,10,0.13141856672536859,0.9741737949882554,27.328235399909317,2
MOEA/D,normal,4000,P04,11,0.5723737126470634,0.44840802215423864,27.753078900277615,3
MOEA/D,normal,4000,P04,5,0.4679268004134365,0.5330172406047605,27.266657800413668,4
MOEA/D,normal,4000,P04,3,0.4268641620280956,0.5708924619559173,27.429685099981725,5
MOEA/D,normal,4000,P04,10,0.09756388391759227,1.0236631376716303,23.179370699916035,6
MOEA/D,normal,4000,P04,13,0.2845222978307326,0.7601819895509696,27.862682800274342,7
MOEA/D,normal,4000,P04,13,0.5634260597957027,0.4784838560290588,26.701844700146466,8
MOEA/D,normal,4000,P04,4,0.19639491575536455,0.8596460311528829,27.567040000110865,9
MOPSO,normal,4000,P04,11,0.6655757762016987,0.44345790069552843,27.708746599964797,0
MOPSO,normal,4000,P04,7,1.128121591037204,0.07440293259131026,27.10296420007944,1
MOPSO,normal,4000,P04,11,0.7415623372384561,0.36825228012878014,27.61449410021305,2
MOPSO,normal,4000,P04,7,1.1869729786074874,0.05294168046915001,27.34650079999119,3
MOPSO,normal,4000,P04,14,0.6584759793220598,0.4491153311049073,27.622481499798596,4
MOPSO,normal,4000,P04,16,1.303011310652445,0.012055481739536923,27.231100600212812,5
MOPSO,normal,4000,P04,6,0.7461794028951101,0.3419798589484608,26.038389099761844,6
MOPSO,normal,4000,P04,6,1.0516756823717066,0.13181297291766245,26.2246793997474,7
MOPSO,normal,4000,P04,13,0.9414368683491449,0.20729770211202975,27.73360660020262,8
MOPSO,normal,4000,P04,13,1.1024114465184505,0.08652397334386354,27.102751499973238,9
NSGA-III,normal,4000,P04,0,0.33243482283747827,0.6781550977534608,39.311620300170034,0
NSGA-III,normal,4000,P04,0,0.6338258764989183,0.41576193394676647,38.5656288000755,1
NSGA-III,normal,4000,P04,4,0.35994031527748355,0.7142976661661681,35.31770659983158,2
NSGA-III,normal,4000,P04,9,0.5280736279742093,0.5244269586757933,36.647432200144976,3
NSGA-III,normal,4000,P04,13,0.4443889354008089,0.600504644028625,36.547552899923176,4
NSGA-III,normal,4000,P04,11,0.5608533710749231,0.4797281048077548,38.06416889978573,5
NSGA-III,normal,4000,P04,0,0.4992362039857064,0.5566460067078653,38.8227095999755,6
NSGA-III,normal,4000,P04,11,0.6700069525532151,0.3822390503897098,36.91342999972403,7
NSGA-III,normal,4000,P04,11,0.21364895027980302,0.8718355763482618,38.01570300012827,8
NSGA-III,normal,4000,P04,15,0.6747287484102839,0.3678058864457384,36.70013239979744,9
NSGA-II,normal,4000,P04,12,0.4790923125511105,0.5400424410528811,35.163833499886096,0
NSGA-II,normal,4000,P04,0,0.6238946407520841,0.44706428749650945,39.31846769992262,1
NSGA-II,normal,4000,P04,4,0.5707838470745237,0.4580368690540554,38.17757790023461,2
NSGA-II,normal,4000,P04,7,0.537293926590679,0.5081517684919331,36.57435279991478,3
NSGA-II,normal,4000,P04,9,0.6657748952054967,0.4273829945829073,35.44645560020581,4
NSGA-II,normal,4000,P04,19,0.5259335264039657,0.503655579156553,36.378269399981946,5
NSGA-II,normal,4000,P04,0,0.18214415424823244,0.9096120873602479,38.983655999880284,6
NSGA-II,normal,4000,P04,9,0.6081892547106569,0.4042432641394617,34.339124999940395,7
NSGA-II,normal,4000,P04,4,0.32881907320237147,0.7186676637092697,34.76680100010708,8
NSGA-II,normal,4000,P04,13,0.12224909898299784,0.9396583731162674,34.94242569990456,9
SPEA2,normal,4000,P04,6,0.6230751601151344,0.42214802342390534,63.632738899905235,0
SPEA2,normal,4000,P04,3,0.1944835216897489,0.857526750927853,66.05586530035362,1
SPEA2,normal,4000,P04,0,0.18434550040114397,0.8608714262714924,67.91220030002296,2
MOABC,matched,4000,P05,0,1.1987582772162004,0.08266038166528601,24.350034299772233,0
MOABC,matched,4000,P05,6,1.2801141090034478,0.0746744503133115,17.99047639966011,1
MOABC,matched,4000,P05,9,0.9841280830422884,0.2301718581371977,18.119615400210023,2
MOABC,matched,4000,P05,21,0.4172732347649629,0.7113078779217924,17.815665000118315,3
MOABC,matched,4000,P05,43,0.9975740309101244,0.17856630308485172,16.78744710003957,4
MOABC,matched,4000,P05,23,1.1247700132115954,0.10162777858590662,18.719892399851233,5
MOABC,matched,4000,P05,15,1.0224120757597777,0.1940417761297312,17.713687799870968,6
MOABC,matched,4000,P05,0,0.8409378963414299,0.4217538215649774,24.649708000011742,7
MOABC,matched,4000,P05,0,0.9439941426623268,0.28947723904302347,24.939082499593496,8
MOABC,matched,4000,P05,0,0.2911996759213137,0.8345292652027817,24.862125599756837,9
MOEA/D,matched,4000,P05,0,0.5279340397627466,0.5412486157511106,14.466210699640214,0
MOEA/D,matched,4000,P05,11,0.9957606895823904,0.24398712915419946,14.615454699844122,1
MOEA/D,matched,4000,P05,21,1.277207432483541,0.08830268852042313,14.75461950013414,2
MOEA/D,matched,4000,P05,23,1.093145414709807,0.12057558772289163,14.83096529962495,3
MOEA/D,matched,4000,P05,39,1.0836343411598879,0.11488719320893677,14.86644780030474,4
MOEA/D,matched,4000,P05,9,0.6705507541920184,0.5294728809525532,14.63876030035317,5
MOEA/D,matched,4000,P05,20,1.2832537401392263,0.0387346212162872,14.851757800206542,6
MOEA/D,matched,4000,P05,0,1.154785646278832,0.11456134767903427,14.13989849993959,7
MOEA/D,matched,4000,P05,0,0.8591946462585758,0.31167814355847534,14.234044900164008,8
MOEA/D,matched,4000,P05,0,0.8392780613058115,0.3050093073087467,14.458486699964851,9
MOPSO,matched,4000,P05,0,0.3048309794305297,0.8461326866906201,14.778132800012827,0
MOPSO,matched,4000,P05,6,0.8084584412841018,0.35656729111154273,14.642852399963886,1
MOPSO,matched,4000,P05,16,1.0084328588415423,0.20532521754446387,14.509304599836469,2
MOPSO,matched,4000,P05,13,1.1337436450971976,0.1314864230340501,14.73439330002293,3
MOPSO,matched,4000,P05,25,0.8967530548469772,0.2638089778714504,14.543645499739796,4
MOPSO,matched,4000,P05,0,1.0096503093865956,0.2036541105957583,14.334843900054693,5
MOPSO,matched,4000,P05,15,0.35010211641742334,0.7830632116061235,14.395010500214994,6
MOPSO,matched,4000,P05,0,0.9963748191851223,0.20532607493594868,14.435463099740446,7
MOPSO,matched,4000,P05,0,1.0643611241059259,0.1651440177802789,14.5035972003825,8
MOPSO,matched,4000,P05,0,0.8205810317498035,0.33044871193376746,14.225483499933034,9
NSGA-III,matched,4000,P05,0,1.0353852080357855,0.2165580158361155,26.642348299734294,0
NSGA-III,matched,4000,P05,25,0.3245935721438749,0.8175763002691457,21.945281699765474,1
NSGA-III,matched,4000,P05,20,0.7077963460816808,0.4180974536555695,22.20122310006991,2
NSGA-III,matched,4000,P05,14,0.8979472240521981,0.2652430346013408,21.97064909990877,3
MOABC,normal,4000,P05,12,1.0909959910775922,0.12207641281811522,18.311872399877757,0
MOABC,normal,4000,P05,9,1.1637191320186155,0.06242371652011687,18.06429810030386,1
MOABC,normal,4000,P05,5,1.1396292752117234,0.09311799000452303,18.26080169994384,2
MOABC,normal,4000,P05,14,0.9601385616426915,0.2034529317352069,18.219594900030643,3
MOABC,normal,4000,P05,21,1.0607512540794455,0.15380374629181384,18.385139100253582,4
MOABC,normal,4000,P05,10,1.1351456943524556,0.10355727505677072,18.44037749990821,5
MOABC,normal,4000,P05,11,1.1365112789958163,0.06685299517262412,17.958397099748254,6
MOABC,normal,4000,P05,12,1.0517909933991558,0.12347362801479457,18.590238499920815,7
MOABC,normal,4000,P05,11,1.1461198323384367,0.08765295050939508,18.112308700103313,8
MOABC,normal,4000,P05,22,1.0805079556193722,0.14095995192611643,18.731311900075525,9
MOEA/D,normal,4000,P05,14,0.7978047654529841,0.340243549970344,15.041929900180548,0
MOEA/D,normal,4000,P05,11,0.9946646438545825,0.20238575301219444,14.844735200051218,1
MOEA/D,normal,4000,P05,13,0.7230935242273051,0.44167158762570163,14.721775600221008,2
MOEA/D,normal,4000,P05,14,0.8594516116355837,0.3304091582614373,14.534055300056934,3
MOEA/D,normal,4000,P05,10,0.9935595945721791,0.17928623155373744,14.616978099569678,4
MOEA/D,normal,4000,P05,11,1.0581675248373223,0.14375376858409608,14.865296700038016,5
MOEA/D,normal,4000,P05,9,0.8760785518705528,0.2928983756343337,14.98101649992168,6
MOEA/D,normal,4000,P05,17,0.8180330832361564,0.4259091884234512,14.74908720003441,7
MOEA/D,normal,4000,P05,19,1.0717722773929281,0.21199698141630105,14.769460200332105,8
MOEA/D,normal,4000,P05,10,0.9955688077815907,0.22782971658403314,10.901765800081193,9
MOPSO,normal,4000,P05,7,1.189045314644705,0.0867900766765198,7.062354799825698,0
MOPSO,normal,4000,P05,9,1.106817545592481,0.12339785356616616,7.108108900021762,1
MOPSO,normal,4000,P05,6,1.0650586161416145,0.09709061252325604,7.056289100088179,2
MOPSO,normal,4000,P05,3,1.1729847944767715,0.1320199034830571,7.08227329980582,3
MOPSO,normal,4000,P05,6,1.0562193787584224,0.11554863001658179,7.059592400211841,4
MOPSO,normal,4000,P05,11,1.0208334116008755,0.13120419506528513,7.121817099861801,5
MOPSO,normal,4000,P05,4,0.9299512981347667,0.20369963027262084,7.078619399573654,6
MOPSO,normal,4000,P05,3,1.2203363813028365,0.0824845157099641,7.095920400228351,7
MOPSO,normal,4000,P05,8,1.2207549044039472,0.06693803164007793,7.050490099936724,8
MOPSO,normal,4000,P05,2,1.291527238420427,0.12917362169215382,14.49308449961245,9
NSGA-III,normal,4000,P05,16,0.9132718204363074,0.2633223352924005,22.724203600082546,0
NSGA-III,normal,4000,P05,17,1.0093150727974558,0.21701060064337008,22.14356329990551,1
NSGA-III,normal,4000,P05,8,0.8811831246554499,0.2810104322288873,23.223710800055414,2
NSGA-III,normal,4000,P05,15,0.9904941278411595,0.23914767316515623,22.16995169967413,3
NSGA-III,normal,4000,P05,18,0.9304242846781156,0.24623954251870275,21.710642399732023,4
NSGA-III,normal,4000,P05,10,0.9722952079177473,0.20363987282788268,22.338359599933028,5
NSGA-III,normal,4000,P05,18,1.0249243524554215,0.18113236836687754,22.271596199832857,6
NSGA-III,normal,4000,P05,10,1.0448850768095053,0.15560687622688402,22.112521100323647,7
NSGA-III,normal,4000,P05,16,1.0973377836969125,0.13958968749820455,22.174570999573916,8
NSGA-III,normal,4000,P05,23,1.052262852099928,0.1511642511744771,22.106361200101674,9
NSGA-II,normal,4000,P05,27,1.0048674430157367,0.2131574487178118,21.310953200329095,0
NSGA-II,normal,4000,P05,17,1.0346585075593995,0.17772329199807518,20.632290000095963,1
NSGA-II,normal,4000,P05,14,0.8226564660803114,0.3403979983973103,21.019039999693632,2
NSGA-II,normal,4000,P05,20,0.9866595049794061,0.23026373132886838,20.21800069976598,3
NSGA-II,normal,4000,P05,11,1.0000334730448721,0.17888669208174293,19.373457400128245,4
NSGA-II,normal,4000,P05,6,1.0462201625969807,0.15359101972513559,18.907663700170815,5
NSGA-II,normal,4000,P05,10,1.1435191393915833,0.11649151386390662,19.866617999970913,6
NSGA-II,normal,4000,P05,14,1.016908882480979,0.2029696796282439,19.888569599948823,7
NSGA-II,normal,4000,P05,20,1.1284815085674564,0.12619038305546995,19.616205899976194,8
NSGA-II,normal,4000,P05,10,1.0551144728582138,0.1591459908159904,20.548562800046057,9
SPEA2,normal,4000,P05,26,1.0423235097414,0.1957693666119824,44.743118999991566,0
SPEA2,normal,4000,P05,21,1.0892653415650821,0.1684290381719327,46.76390720019117,1
SPEA2,normal,4000,P05,24,0.8231614268895472,0.370566659731597,47.655365800019354,2
SPEA2,normal,4000,P05,24,0.9221713954057481,0.27595883859974923,46.60337380040437,3
SPEA2,normal,4000,P05,18,1.0308476408955933,0.16101060207400741,46.19361150031909,4
SPEA2,normal,4000,P05,24,1.064270605072237,0.1501535194163989,46.49195109959692,5
SPEA2,normal,4000,P05,17,1.0181555069058836,0.17199110981745405,46.495470200199634,6
SPEA2,normal,4000,P05,22,1.0059810157313798,0.23053393938084518,46.17301080003381,7
SPEA2,normal,4000,P05,19,1.1375609241080926,0.12402111980144555,45.315102599561214,8
SPEA2,normal,4000,P05,16,1.0484348004013184,0.1811108798504282,45.15216669999063,9
MOABC,normal,4000,P06,25,1.2254335221058617,0.07675335521206282,17.60074060037732,0
MOABC,normal,4000,P06,26,1.249712547738261,0.06349758448758981,17.701310199685395,1
MOABC,normal,4000,P06,25,1.2397308557120503,0.06143626239038361,17.70538119971752,2
MOABC,normal,4000,P06,25,1.1864999704251649,0.0775170843586709,17.855349000077695,3
MOABC,normal,4000,P06,27,1.2345444940218637,0.0665904964469513,17.952794699929655,4
MOABC,normal,4000,P06,31,1.2095214643134324,0.08277446462299953,17.99520089989528,5
MOABC,normal,4000,P06,22,1.2172611185166893,0.054379317946464605,17.6808493998833,6
MOABC,normal,4000,P06,18,1.2090507595251252,0.0551301651211399,18.375341299921274,7
MOABC,normal,4000,P06,17,1.1156110243948065,0.06511762356735318,17.868494000285864,8
MOABC,normal,4000,P06,24,1.2568864517243188,0.06394627199301635,17.95646490016952,9
MOEA/D,normal,4000,P06,25,1.1999877867723858,0.10684581942631077,14.844372499734163,0
MOEA/D,normal,4000,P06,17,1.200453837788525,0.07594249012217066,14.62538650026545,1
MOEA/D,normal,4000,P06,16,1.1773980521248095,0.10274810859717051,14.626899700146168,2
MOEA/D,normal,4000,P06,16,1.1347011514097198,0.08929827588181323,14.83141539990902,3
MOEA/D,normal,4000,P06,12,1.1395367615389302,0.11328832294457995,14.512211000081152,4
MOEA/D,normal,4000,P06,21,1.143956475585671,0.1002763928904654,14.966292699798942,5
MOEA/D,normal,4000,P06,14,1.1876217150931112,0.09023518246481951,15.214216200169176,6
MOEA/D,normal,4000,P06,19,1.1477199649765328,0.12770919720532223,15.04977359995246,7
MOEA/D,normal,4000,P06,16,1.225718792207166,0.07384133401949647,15.199922599829733,8
MOEA/D,normal,4000,P06,14,1.1529444800901711,0.07442960381898842,14.87669500010088,9
MOPSO,normal,4000,P06,6,0.989086433033208,0.2864186172447742,14.47960799979046,0
MOPSO,normal,4000,P06,4,1.1444659115464224,0.25337853231030005,14.479495200328529,1
MOPSO,normal,4000,P06,6,1.0107656719878737,0.257288455748646,14.772813600022346,2
MOPSO,normal,4000,P06,9,1.084910171223488,0.2515066042449511,14.780044800136238,3
MOPSO,normal,4000,P06,1,1.236492914940621,0.2142038971601624,14.630817899946123,4
MOPSO,normal,4000,P06,5,1.1700777793252213,0.2353332278452764,14.577702400274575,5
MOPSO,normal,4000,P06,2,1.2823721124826533,0.20198441171422044,14.599647399969399,6
MOPSO,normal,4000,P06,7,1.2977095886954781,0.16589840133542205,14.813335199840367,7
MOPSO,normal,4000,P06,8,1.1714879716197721,0.23543297898346022,14.668999499641359,8
MOPSO,normal,4000,P06,12,0.9013898993707016,0.33916603444618915,14.601342600304633,9
NSGA-III,normal,4000,P06,13,1.1015498740191754,0.09627822065625938,22.78543859999627,0
NSGA-III,normal,4000,P06,13,1.0159939078124138,0.10826530348969764,22.80185199994594,1
NSGA-III,normal,4000,P06,7,1.085968578762101,0.07708556606704353,22.085667399689555,2
NSGA-III,normal,4000,P06,15,1.0255672163981766,0.09625798289689218,22.56325350003317,3
NSGA-III,normal,4000,P06,16,1.0448967282816206,0.1178190144506585,23.087176600005478,4
NSGA-III,normal,4000,P06,15,1.120114003891317,0.08593477172292963,22.48143790010363,5
NSGA-III,normal,4000,P06,28,1.0718804015680043,0.0813146477917459,22.31501799961552,6
NSGA-III,normal,4000,P06,8,0.9840754978380256,0.11952127474477883,23.004594499710947,7
NSGA-III,normal,4000,P06,15,1.109101364961284,0.066810647828726,22.682473400142044,8
NSGA-III,normal,4000,P06,18,1.080656858864655,0.09608389235528778,22.8341602999717,9
NSGA-II,normal,4000,P06,11,1.0197585645720355,0.10382199274108074,20.445204799994826,0
NSGA-II,normal,4000,P06,25,1.1148219220423259,0.08356266115926834,20.123780800029635,1
NSGA-II,normal,4000,P06,24,1.1111968210022858,0.06328126271628923,20.241849900223315,2
NSGA-II,normal,4000,P06,20,1.0631864647493983,0.08634319456088699,19.68003510031849,3
NSGA-II,normal,4000,P06,15,1.0541691352727027,0.10358498533512024,20.36799110006541,4
NSGA-II,normal,4000,P06,29,1.0700322691894582,0.09049620174053381,19.9386698002927,5
NSGA-II,normal,4000,P06,38,1.159787704593921,0.06253072475826507,19.603801500052214,6
NSGA-II,normal,4000,P06,33,1.0524034317593474,0.0961773335888837,20.261057700030506,7
NSGA-II,normal,4000,P06,21,1.125534562399005,0.06433740555638336,20.046766200102866,8
NSGA-II,normal,4000,P06,14,1.030076751853671,0.09990405974765673,19.748500199988484,9
SPEA2,normal,4000,P06,30,0.9805069375293307,0.19249564421843676,45.87289169989526,0
SPEA2,normal,4000,P06,25,1.0839942806280054,0.0824624745886904,45.81261149980128,1
SPEA2,normal,4000,P06,21,1.1072368599643676,0.07746191115025945,45.72353069996461,2
SPEA2,normal,4000,P06,10,1.1137267867702272,0.06710891627457878,45.61561560025439,3
SPEA2,normal,4000,P06,22,1.1966917990331476,0.06382909233234005,45.79260420007631,4
SPEA2,normal,4000,P06,14,1.08371428997307,0.08003849582384855,46.23687409982085,5
SPEA2,normal,4000,P06,20,1.1984917232576884,0.055069419766165355,46.734250500332564,6
SPEA2,normal,4000,P06,16,1.0493483843006737,0.08764992793976197,47.94803769979626,7
SPEA2,normal,4000,P06,28,1.1794998570254582,0.06572021939781318,46.38373519992456,8
SPEA2,normal,4000,P06,7,1.1013734507181554,0.07133646445499943,46.55144389998168,9
MOABC,matched,4000,P07,0,0.40179985937373286,0.4130718905598774,22.738211499992758,0
MOABC,matched,4000,P07,0,0.4265409865509247,0.4074781193227648,23.1762450998649,1
MOABC,matched,4000,P07,0,1.0030474663463214,0.2902639520394235,22.15175799978897,2
MOABC,matched,4000,P07,0,0.19155655568830976,0.6262648853549202,22.543001499958336,3
MOABC,matched,4000,P07,0,0.060343039044429655,0.8159859358349422,21.669147599954158,4
MOABC,matched,4000,P07,20,0.528880439703858,0.4785125995391198,15.29904010007158,5
MOABC,matched,4000,P07,27,0.37232897367467405,0.4343041596622052,15.68095099972561,6
MOABC,matched,4000,P07,16,0.7457812765196745,0.18708932177067725,17.113124900031835,7
MOABC,matched,4000,P07,0,0.19750995397970803,0.6111611451889458,21.75618640007451,8
MOABC,matched,4000,P07,0,0.20166708550327583,0.6160800996881591,21.631787499878556,9
MOEA/D,matched,4000,P07,0,0.12790962859003696,0.6976260720803725,12.723398200236261,0
MOEA/D,matched,4000,P07,0,0.24974887140418517,0.5689821828036996,12.580146099906415,1
MOEA/D,matched,4000,P07,0,0.10128734691098998,0.7464010351556511,12.54284660005942,2
MOEA/D,matched,4000,P07,0,0.22353677773484504,0.5857706283537701,12.767734799999744,3
MOEA/D,matched,4000,P07,0,0.49483448590008233,0.5059166718358351,12.691651999950409,4
MOABC,normal,4000,P07,16,1.0100723520065211,0.26689387513387164,17.07816920010373,0
MOABC,normal,4000,P07,10,0.995682428674287,0.28113898625082884,16.85185329988599,1
MOABC,normal,4000,P07,10,0.9997576630773067,0.2937182201662362,17.055531800258905,2
MOABC,normal,4000,P07,12,1.0722625585582812,0.21432980940962582,17.051792999729514,3
MOABC,normal,4000,P07,14,1.0104630584330747,0.2777609424222332,17.274763900320977,4
MOABC,normal,4000,P07,13,0.9343066992257945,0.3305921191104308,16.661912300158292,5
MOABC,normal,4000,P07,22,0.9551803301067475,0.34080984205624715,16.785103200003505,6
MOABC,normal,4000,P07,6,0.9953277473633521,0.27717854968556377,16.903683399781585,7
MOABC,normal,4000,P07,9,1.0716579199058018,0.22123515199075752,17.09181459993124,8
MOABC,normal,4000,P07,12,1.0057215147080647,0.2683391768248282,17.135801100172102,9
MOEA/D,normal,4000,P07,13,0.7553654639861822,0.48986254662080136,13.416172899771482,0
MOEA/D,normal,4000,P07,26,0.5603649590591978,0.7188338440700559,13.517677399795502,1
MOEA/D,normal,4000,P07,13,0.8551511961521411,0.41003807639850687,13.37271079979837,2
MOEA/D,normal,4000,P07,7,0.8476919765242135,0.3982187020353484,13.467761300038546,3
MOEA/D,normal,4000,P07,6,0.6863420662784679,0.5170577277390761,13.47643469972536,4
MOEA/D,normal,4000,P07,5,0.7516575465534285,0.5065971085530014,13.234831399749964,5
MOEA/D,normal,4000,P07,7,0.6832491901564194,0.5441488698533449,13.203308300115168,6
MOEA/D,normal,4000,P07,13,0.7900951109383303,0.5036461048784306,13.355149400420487,7
MOEA/D,normal,4000,P07,5,0.7355072824085341,0.4844491609003767,13.109485199674964,8
MOEA/D,normal,4000,P07,10,0.8058727767351245,0.44284077791488513,12.598552499897778,9
MOPSO,normal,4000,P07,1,1.3310000000000004,0.0,12.276261600200087,0
MOPSO,normal,4000,P07,1,1.323142246476468,0.006399706119705049,12.144740200135857,1
MOPSO,normal,4000,P07,3,1.1363802399779683,0.1608426799904137,12.235669299960136,2
MOPSO,normal,4000,P07,3,1.2079445980615944,0.10169861196609212,12.209430900402367,3
MOPSO,normal,4000,P07,4,1.223255571573311,0.08972859849486589,12.232887999620289,4
MOPSO,normal,4000,P07,15,1.0495822238043722,0.25346952565585457,12.703885900322348,5
MOPSO,normal,4000,P07,12,1.11042438968828,0.18025137259829557,12.52565099997446,6
MOPSO,normal,4000,P07,4,1.0388572281099895,0.24138670125858286,12.57934150006622,7
MOPSO,normal,4000,P07,1,1.1300461560368484,0.1657370044131738,12.281846700236201,8
MOPSO,normal,4000,P07,7,1.1791122531026867,0.12762560707430542,12.205084499903023,9
NSGA-III,normal,4000,P07,12,0.8806023319261994,0.376153034968654,21.03999700024724,0
NSGA-III,normal,4000,P07,7,0.7780695461635716,0.4267226092334134,22.27439250005409,1
NSGA-III,normal,4000,P07,11,0.9626037149222969,0.3184999898692138,21.000218000262976,2
NSGA-III,normal,4000,P07,9,0.9570722036833115,0.30932330908284367,21.12550019985065,3
NSGA-III,normal,4000,P07,21,0.751622375053937,0.44452056798244294,21.18534140009433,4
NSGA-III,normal,4000,P07,10,0.8395156454552037,0.433360839897157,20.625594399869442,5
NSGA-III,normal,4000,P07,11,0.9416282939944695,0.3533228610021653,21.352876000106335,6
NSGA-III,normal,4000,P07,19,0.8424614715047016,0.4233127674236456,21.426926399581134,7
NSGA-III,normal,4000,P07,18,0.7491126758465629,0.49149185274680784,21.54619440017268,8
NSGA-III,normal,4000,P07,23,0.8008415086604139,0.4162302497730459,21.023995500057936,9
NSGA-II,normal,4000,P07,35,0.8006173644818512,0.4221120280821518,18.66551740001887,0
NSGA-II,normal,4000,P07,11,0.8239819494252221,0.40297003810205545,20.00341900018975,1
NSGA-II,normal,4000,P07,25,0.940254023693901,0.33685380422223976,18.692704999819398,2
NSGA-II,normal,4000,P07,10,0.9420251264044396,0.3148633480366115,18.750427800230682,3
NSGA-II,normal,4000,P07,21,0.7609337085915371,0.44508258196429423,19.287453799974173,4
NSGA-II,normal,4000,P07,13,0.7974338893111264,0.4689235510311027,19.22828309983015,5
NSGA-II,normal,4000,P07,13,0.9226429615386526,0.35032459444667746,19.586081499699503,6
NSGA-II,normal,4000,P07,19,0.8424888518007771,0.4317830340258135,19.82937219971791,7
NSGA-II,normal,4000,P07,15,0.7935127200508437,0.4596604181234438,20.287234399933368,8
NSGA-II,normal,4000,P07,24,0.843133018119333,0.38265430136783957,19.79008310008794,9
SPEA2,normal,4000,P07,11,0.8553883257077749,0.38779534991896364,43.739671300165355,0
SPEA2,normal,4000,P07,19,0.7794670267231042,0.4408470453061534,43.616492100059986,1
SPEA2,normal,4000,P07,7,0.7696510389613326,0.48929106794718785,44.38952570036054,2
SPEA2,normal,4000,P07,28,0.8041475079131095,0.44589591546772417,42.59517199965194,3
SPEA2,normal,4000,P07,18,0.9786218233339679,0.2901177690703587,42.518800400197506,4
SPEA2,normal,4000,P07,15,0.766291388013232,0.4519009164779676,43.79529969999567,5
SPEA2,normal,4000,P07,6,0.8057061969305206,0.4066599916857873,43.89722569985315,6
SPEA2,normal,4000,P07,14,0.8537082708747535,0.4079793815583901,44.76293409988284,7
SPEA2,normal,4000,P07,25,0.8097485981450433,0.4411221560131291,43.92052990011871,8
SPEA2,normal,4000,P07,17,0.862823025522802,0.38635313696036305,44.69651110004634,9
MOABC,normal,4000,P08,12,0.815761432031216,0.44529764750147255,17.942320799920708,0
MOABC,normal,4000,P08,12,0.987812405595676,0.27445815938176554,17.358266400173306,1
MOABC,normal,4000,P08,16,1.0387640061042962,0.23068568860891828,17.970963300205767,2
MOABC,normal,4000,P08,14,1.084487218545305,0.1973544631503818,17.745693100150675,3
MOABC,normal,4000,P08,11,0.8851059989541794,0.3812319243730953,18.318621299695224,4
MOABC,normal,4000,P08,18,0.8536800848006615,0.39707744612579915,18.26631430024281,5
MOABC,normal,4000,P08,17,1.0416776668809065,0.24806642715704363,19.213070099707693,6
MOABC,normal,4000,P08,14,0.9500387209015021,0.31375576953130646,18.762975600082427,7
MOABC,normal,4000,P08,11,0.9326747463009232,0.3269250194459263,18.23141170013696,8
MOABC,normal,4000,P08,17,0.8514062438906438,0.41930150164194613,18.436668999958783,9
MOEA/D,normal,4000,P08,11,0.5928239267427403,0.5772285639955255,15.033785399980843,0
MOEA/D,normal,4000,P08,24,0.5066735329666584,0.7046546971465377,14.99665129976347,1
MOEA/D,normal,4000,P08,15,0.8071513967342429,0.40523503790332516,14.799648200161755,2
MOEA/D,normal,4000,P08,42,0.5730002520790453,0.6383591342505515,14.967346800025553,3
MOEA/D,normal,4000,P08,14,0.5619180852583248,0.6454967271826132,14.55547389993444,4
MOEA/D,normal,4000,P08,11,0.6511383527922165,0.6065334957738363,14.499532400164753,5
MOEA/D,normal,4000,P08,31,0.5049017336757284,0.6610487178841977,14.596427600365132,6
MOEA/D,normal,4000,P08,16,0.7845909105992483,0.4430009187531283,14.51759220007807,7
MOEA/D,normal,4000,P08,18,0.6678752373455542,0.5213315136903136,14.585768400225788,8
MOEA/D,normal,4000,P08,18,0.4237905426851264,0.8064777607121782,14.444472999777645,9
MOPSO,normal,4000,P08,94,1.3309968583411789,1.7466520488908035e-05,14.424438900314271,0
MOPSO,normal,4000,P08,19,1.2756135667699677,0.03965150509257231,14.268601600080729,1
MOPSO,normal,4000,P08,15,1.2875095396765865,0.03081718381845222,14.484275300055742,2
MOPSO,normal,4000,P08,29,1.31888983417039,0.004129679345797699,14.513058400247246,3
MOPSO,normal,4000,P08,25,1.3189197215693225,0.004082161545924549,14.514744199812412,4
MOPSO,normal,4000,P08,1,1.3092111211479247,0.011895656932417432,8.496738400310278,5
MOPSO,normal,4000,P08,25,1.3033829557489647,0.01672716576761278,7.002256399951875,6
MOPSO,normal,4000,P08,32,1.317674042479299,0.004957907452749679,6.9501483999192715,7
MOPSO,normal,4000,P08,13,1.3045596995634972,0.015737991083008503,6.891319700051099,8
MOPSO,normal,4000,P08,17,1.3097206003718067,0.01147345655590735,6.855011699721217,9
NSGA-III,normal,4000,P08,19,0.7824713862168926,0.387495943506877,22.04986899998039,0
NSGA-III,normal,4000,P08,11,0.7806619365083955,0.39053158397700183,22.099870400037616,1
NSGA-III,normal,4000,P08,10,0.828340519314999,0.3620820359493878,23.10979830008,2
NSGA-III,normal,4000,P08,10,0.7392326788316153,0.4437330649270723,22.531836200039834,3
NSGA-III,normal,4000,P08,21,0.5451194108524564,0.653297959380076,22.58615869982168,4
NSGA-III,normal,4000,P08,19,0.8058144817701949,0.39958601668331234,22.08414989989251,5
NSGA-III,normal,4000,P08,22,0.8675660124589321,0.3599339791646003,22.19935750029981,6
NSGA-III,normal,4000,P08,15,0.6060678023101986,0.6302813168648916,22.051299400161952,7
NSGA-III,normal,4000,P08,16,0.7907050349087703,0.4178178075202277,21.810224100016057,8
NSGA-III,normal,4000,P08,16,0.46473517982845464,0.703999319070404,22.322878200095147,9
NSGA-II,normal,4000,P08,29,0.8043141600278139,0.38737502489008285,21.127571400254965,0
NSGA-II,normal,4000,P08,15,0.8197047319136067,0.3733842292100967,20.74684050027281,1
NSGA-II,normal,4000,P08,9,0.8310935787221359,0.3631091450904763,20.659624100197107,2
NSGA-II,normal,4000,P08,27,0.5709858536525414,0.5954122431057424,19.879028900060803,3
NSGA-II,normal,4000,P08,41,0.5416836693388974,0.654281463444402,19.861703800037503,4
NSGA-II,normal,4000,P08,5,0.834416604231254,0.34803115100805143,19.87606839975342,5
NSGA-II,normal,4000,P08,12,0.8510337614281436,0.34529389178666414,20.399062699638307,6
NSGA-II,normal,4000,P08,11,0.8042894558164335,0.383559095650507,19.609277799725533,7
NSGA-II,normal,4000,P08,51,0.6876338142684149,0.5041435284099484,19.649876200128347,8
NSGA-II,normal,4000,P08,19,0.4914370238664831,0.6868775122945087,19.88465190026909,9
SPEA2,normal,4000,P08,7,0.5938683030888163,0.5476382482876612,46.77812869986519,0
SPEA2,normal,4000,P08,6,0.7261936037898087,0.4389203554467873,46.17759949993342,1
SPEA2,normal,4000,P08,20,0.7257549624128492,0.46902620441401016,46.32148770010099,2
SPEA2,normal,4000,P08,21,0.5223808650745457,0.6911876575819546,46.09411979978904,3
SPEA2,normal,4000,P08,25,0.4079915495422832,0.7608083902233526,45.933888900093734,4
SPEA2,normal,4000,P08,20,0.7269702332316157,0.4811688701717467,47.84386169956997,5
SPEA2,normal,4000,P08,25,0.686168400903756,0.5093366206871067,48.48856890015304,6
SPEA2,normal,4000,P08,31,0.5856706554810219,0.6203349332443157,48.38710819976404,7
SPEA2,normal,4000,P08,10,0.8607969156689923,0.3520672972704382,47.06308609992266,8
SPEA2,normal,4000,P08,8,0.5353524734846472,0.6177922785830395,47.24045230029151,9
